zip,observed_deaths,expected_deaths,target_days,rate_ratio_raw,status,posterior_shape,posterior_rate,reliability,rate_ratio_eb,ci_lower_eb,ci_upper_eb,probability_rr_gt_1,beta_eb
31562,0,0.0120312697990991,91,0,estimated,1140.94239411713,1083.14737447674,1.11076941906555e-05,1.05335840810057,0.993116223373596,1.11534937283053,0.958265092917184,0.0519835438061403
31792,0,0.0124586160364752,91,0,estimated,1140.94239411713,1083.14780182298,1.15022308271382e-05,1.05335799250747,0.993115831548509,1.11534893277946,0.958263924601057,0.0519831492650435
32003,9,4.87739469227698,84,1.84524742569038,estimated,1149.94239411713,1088.01273789922,0.00448284704983735,1.0569199735083,0.996707641736697,1.1188732659669,0.967859869762536,0.0553589930552726
32008,4,2.30068355937043,112,1.73861371926115,estimated,1144.94239411713,1085.43602676631,0.00211959387991251,1.05482254677698,0.994600552989997,1.11678963363199,0.962474225341314,0.0533725506733431
32009,0,0.555550658127717,98,0,estimated,1140.94239411713,1083.69089386507,0.000512646790032812,1.05283010180871,0.992618131228203,1.11478997530092,0.956757885453772,0.051481873323697
32011,3,2.77073097910747,91,1.08274676344305,estimated,1143.94239411713,1085.90607418605,0.00255153833740574,1.05344506427463,0.99327581679497,1.1153586493421,0.95871221090509,0.0520658069837391
32013,0,0.0330169481762701,21,0,estimated,1140.94239411713,1083.16836015512,3.04818247936468e-05,1.05333799997051,0.993096982396457,1.11532776366609,0.958207689523136,0.0519641692726478
32024,8,5.12018393922704,105,1.56244386821925,estimated,1148.94239411713,1088.25552714617,0.00470494641332459,1.05576527337298,0.995592937871378,1.11767818105937,0.965086731281385,0.0542658815735698
32025,16,7.8064917906049,105,2.04957622824326,estimated,1156.94239411713,1090.94183499755,0.0071557360256722,1.06049869663283,1.00026286954123,1.12247081071971,0.975508044721646,0.058739266009901
32026,0,0.0647150440536077,14,0,estimated,1140.94239411713,1083.200058251,5.97443136756295e-05,1.05330717573942,0.993067921021207,1.11529512540493,0.958120864010935,0.0519349054635834
32033,0,1.38414714968634,105,0,estimated,1140.94239411713,1084.51949035663,0.00127627687837236,1.05202571669961,0.991859749374943,1.11393825150013,0.954376893742382,0.0507175595486818
32034,15,13.0260286722813,112,1.15154053298833,estimated,1155.94239411713,1096.16137187923,0.0118833129924564,1.05453669849305,0.994613984735838,1.11618743156146,0.962439229932729,0.0531015221263363
32038,4,2.56482582772391,105,1.55956009049928,estimated,1144.94239411713,1085.70016903467,0.0023623702941894,1.05456591679003,0.994358574538058,1.11651792754267,0.961807727511397,0.0531292289783083
32040,1,1.53083734347708,105,0.65323726538356,estimated,1141.94239411713,1084.66618055042,0.00141134421901146,1.05280538343848,0.992620808880502,1.11473628936304,0.95675603323408,0.0514583950242418
32043,6,7.46531948124998,91,0.803716440410849,estimated,1146.94239411713,1090.60066268819,0.00684514482399901,1.05166119309891,0.991671293359451,1.11338792205411,0.953696765116769,0.0503710026512188
32044,0,0.454532524759487,91,0,estimated,1140.94239411713,1083.5898757317,0.00041946915058851,1.05292825234889,0.992710668481467,1.11489390207702,0.957041253577509,0.0515750944096389
32046,2,2.41136874177279,105,0.829404464507423,estimated,1142.94239411713,1085.54671194872,0.00222134037644868,1.05287260468541,0.992710137618241,1.11477998669448,0.957019834933623,0.0515222426280452
32052,6,3.2097857813428,126,1.86928362474393,estimated,1146.94239411713,1086.34512898829,0.00295466486265932,1.05578085961068,0.995555961772381,1.11774939033609,0.965001446311533,0.0542806444408939
32053,0,1.1283895266382,119,0,estimated,1140.94239411713,1084.26373273358,0.00104069655063844,1.05227386997502,0.992093710619094,1.11420100878955,0.955122679225724,0.0509534131107261
32054,2,2.56965824560292,98,0.778313615603286,estimated,1142.94239411713,1085.70500145255,0.0023668107286648,1.05271910195496,0.992565406227191,1.11461745822612,0.956575380126867,0.0513764377882529
32055,4,4.75187381984588,105,0.841773193407256,estimated,1144.94239411713,1087.88721702679,0.00436798387321143,1.05244585670036,0.992359553049566,1.11427332143518,0.955915526873699,0.0511168426862084
32058,1,0.968349207443929,98,1.03268530847422,estimated,1141.94239411713,1084.10369241439,0.000893225633506825,1.0533516324199,0.993135831043494,1.11531467124843,0.958314429894224,0.0519771113303442
32059,1,0.853729495293753,119,1.17133120679627,estimated,1141.94239411713,1083.98907270224,0.000787581274380859,1.05346301256564,0.993240844042192,1.11543260329202,0.958626406164874,0.0520828445481301
32060,6,9.61138543656169,119,0.624259638696417,estimated,1146.94239411713,1092.74672864351,0.00879562041653778,1.04959581580345,0.989723731362005,1.1112013184689,0.946986740231492,0.0484051527319925
32061,0,0.111591897220437,98,0,estimated,1140.94239411713,1083.24693510416,0.000103016120890023,1.05326159451115,0.993024946610101,1.1152468616858,0.957992197241319,0.0518916301346066
32062,0,1.00879488259692,105,0,estimated,1140.94239411713,1084.14413808954,0.0009304988581819,1.0523899489303,0.99220315095088,1.11432391908196,0.955468071591938,0.0510637195210391
32063,4,4.55853306921833,105,0.877475262164961,estimated,1144.94239411713,1087.69387627616,0.0041910073860349,1.05263293201297,0.992535947846911,1.1144713867595,0.956463986711638,0.0512945797990484
32064,15,8.99262706403265,112,1.66803314461852,estimated,1155.94239411713,1092.12797027098,0.00823404153068382,1.05843126957945,0.998287251747418,1.12030968857174,0.971465850752319,0.056787877580454
32065,1,4.31335055972717,91,0.231838332209022,estimated,1141.94239411713,1087.44869376667,0.00396648649674378,1.05011151391585,0.990080936852271,1.11188395391442,0.94835158196811,0.0488963622595959
32066,4,1.94372026061452,126,2.0579092995282,estimated,1144.94239411713,1085.07906346756,0.00179131671235368,1.0551695564545,0.994927751169644,1.11715702889843,0.963359980529274,0.0537014710329207
32068,8,9.58870389335702,91,0.834315053314175,estimated,1148.94239411713,1092.7240471003,0.00877504610500887,1.05144789040382,0.991521620029628,1.11310761517166,0.953182512171961,0.0501681575420404
32071,1,1.60947117279195,105,0.621322094427637,estimated,1141.94239411713,1084.74481437974,0.00148373253456137,1.05272906491846,0.992548853177903,1.11465548143297,0.956534517960292,0.0513859017718953
32072,0,0.0240625272662068,91,0,estimated,1140.94239411713,1083.15940573421,2.22151302373598e-05,1.05334670785945,0.993105192276128,1.1153369840211,0.958232190816341,0.0519724361850249
32073,17,17.5061912689399,91,0.971085014372144,estimated,1157.94239411713,1100.64153447588,0.0159054430716865,1.0520613277315,0.992330171994144,1.11351346906053,0.955685535134938,0.0507514089390708
32079,3,1.40346790094356,84,2.13756224704753,estimated,1143.94239411713,1084.53881110789,0.00129406885818118,1.05477312789624,0.994528025878524,1.11676476656403,0.962282154474644,0.0533256991544972
32080,3,7.12208855192054,84,0.421224754245862,estimated,1143.94239411713,1090.25743175886,0.00653248337911422,1.04924062959301,0.98931152531536,1.11090710958291,0.945522425521196,0.0480666926155717
32081,2,0.997637576350439,98,2.00473603582215,estimated,1142.94239411713,1084.13298078329,0.000920216978944445,1.05424557169301,0.994004651561326,1.11623368217069,0.96083021803599,0.0528254132022373
32082,13,10.1190107063981,98,1.28471056876937,estimated,1153.94239411713,1093.25435391334,0.00925586133746162,1.05551136383455,0.99548206944901,1.11727327223409,0.964773948818249,0.0540253545529251
32083,0,0.177372257807375,98,0,estimated,1140.94239411713,1083.31271546475,0.000163731354091308,1.05319763889936,0.992964648657232,1.11517914223632,0.957811111390136,0.051830906802489
32084,11,13.0020264756394,98,0.846021965930436,estimated,1151.94239411713,1096.13736968258,0.0118616761322575,1.05091061209847,0.991091868041306,1.11245741293191,0.951711344649561,0.0496570379433588
32086,15,11.6945307523582,91,1.28265086625859,estimated,1155.94239411713,1094.8298739593,0.0106815963196789,1.05581919311064,0.995823603219314,1.11754490387631,0.965644414462732,0.0543169519792554
32087,0,0.554425333467507,112,0,estimated,1140.94239411713,1083.68976854041,0.000511608902808269,1.05283119508809,0.992619161982294,1.11479113292064,0.956761050322164,0.051482911742725
32091,9,6.05650162083774,98,1.48600637190205,estimated,1149.94239411713,1089.19184482778,0.0055605462431601,1.05577580256209,0.995628653777228,1.11766202735329,0.96517374667598,0.0542758545636566
32092,5,5.01919228156917,98,0.996176221094449,estimated,1145.94239411713,1088.15453548851,0.00461257304718752,1.05310629762957,0.993008143167611,1.1149451855335,0.957895163448373,0.0517441754734864
32094,3,1.24904200885112,105,2.40184075374649,estimated,1143.94239411713,1084.3843852158,0.00115184433295077,1.05492333688435,0.994669655433229,1.11692380370776,0.962669207649092,0.053468097827364
32095,2,1.54307227404163,105,1.29611556998661,estimated,1142.94239411713,1084.67841548099,0.00142260807629086,1.05371544026744,0.993504812513282,1.11567237978623,0.959393653662188,0.0523224328968684
32096,1,0.919460370677765,119,1.08759445419368,estimated,1141.94239411713,1084.05480357762,0.000848167793402457,1.05339913660128,0.993180619605263,1.11536496984655,0.958447726935246,0.0520222084363581
32097,0,2.54949660154448,105,0,estimated,1140.94239411713,1085.68483980849,0.00234828424240888,1.05089649618612,0.99079510964445,1.11274257547778,0.950853342490535,0.0496436057760649
32102,0,1.44752352186203,84,0,estimated,1140.94239411713,1084.58286672881,0.0013346361686755,1.05196424276765,0.991801791173177,1.11387315977927,0.954190575430743,0.0506591239732591
32110,2,3.80271308776803,112,0.525940283644665,estimated,1142.94239411713,1086.93805629471,0.00349855547493772,1.05152486611181,0.991439410524652,1.11335300304759,0.952986379350721,0.0502413641090709
32112,1,3.93444520872459,77,0.254165440602022,estimated,1141.94239411713,1087.06978841567,0.00361931244033447,1.0504775372163,0.990426036098793,1.11227150840662,0.94956625100203,0.0492448581293179
32113,1,2.35253482048766,84,0.425073410727545,estimated,1141.94239411713,1085.48787802743,0.00216726033344815,1.05200842610264,0.991869410333549,1.11389245129259,0.954396299729477,0.0507011238867111
32114,18,24.0931162348995,98,0.747101363912675,estimated,1158.94239411713,1107.22845944184,0.0217598419092703,1.04670574914716,0.987303929157163,1.10781831664173,0.937292914988087,0.045647850504451
32117,22,20.6644255489844,98,1.064631578935,estimated,1162.94239411713,1103.79976875593,0.0187211722034286,1.05358093653876,0.993890363704508,1.11498757127306,0.960351196614626,0.0521947776412104
32118,18,16.9263866196689,98,1.06342838577748,estimated,1158.94239411713,1100.06172982661,0.0153867607250884,1.05352487291763,0.993736059388109,1.11503557920337,0.959935791974987,0.0521415637770702
32119,24,16.1147360780973,98,1.48932007844796,estimated,1164.94239411713,1099.25007928504,0.0146597543013856,1.05976102805907,0.999771135904103,1.1214740849109,0.974548767964905,0.0580434374800902
32124,3,0.873604703803593,105,3.4340474438133,estimated,1143.94239411713,1084.00894791075,0.00080590174600249,1.05528870063471,0.995014150832062,1.11731064079395,0.963596833084613,0.0538143793834486
32127,28,27.1867521334162,119,1.02991338805727,estimated,1168.94239411713,1110.32209534036,0.0244854643958809,1.05279575991758,0.993300724530451,1.11399677714359,0.958566990807987,0.0514492541468944
32128,9,6.4250808235462,105,1.4007605891925,estimated,1149.94239411713,1089.56042403049,0.00589694768811316,1.05541865210493,0.995291850046743,1.11728394187051,0.964297638088954,0.053937514852903
32129,10,12.6219215131892,98,0.792272396049253,estimated,1150.94239411713,1095.75726472013,0.0115189028807515,1.05036254942019,0.990549413114007,1.11190434185086,0.949864298632021,0.0491353897343138
32130,1,1.79788424492773,98,0.556209334845246,estimated,1141.94239411713,1084.93322745187,0.00165713815323947,1.0525462445271,0.992376483880014,1.11446190669646,0.956000065767408,0.051212223402131
32131,3,1.32916462945418,91,2.25705675092479,estimated,1143.94239411713,1084.4645078364,0.00122564142934099,1.05484539683037,0.994596167053617,1.11684128292306,0.962468790594827,0.0533942129007597
32132,7,4.58885856792624,98,1.52543380807733,estimated,1147.94239411713,1087.72420177487,0.00421877031000916,1.05536163693334,0.995186496264062,1.11727819991727,0.964031083992536,0.0538834920141438
32133,0,0.068769770372699,84,0,estimated,1140.94239411713,1083.20411297732,6.34873608296012e-05,1.05330323292543,0.993064203699063,1.11529095055326,0.95810974714328,0.0519311621857843
32134,7,5.69265897294143,105,1.2296538459923,estimated,1147.94239411713,1088.82800217989,0.00522824446243525,1.05429176308737,0.994177625023203,1.1161455580977,0.961281172909633,0.0528692268863552
32136,9,4.79578353895561,91,1.87664850318911,estimated,1149.94239411713,1087.9311267459,0.0044081683307474,1.05699925835996,0.996782409760304,1.11895719824479,0.968039347916821,0.0554340052416487
32137,20,20.5245960067699,105,0.974440617169913,estimated,1160.94239411713,1103.65993921371,0.0185968478854024,1.05190226886755,0.992256235244046,1.11326458162675,0.955419378686463,0.0506002096840033
32139,0,0.461250255663203,70,0,estimated,1140.94239411713,1083.59659346261,0.000425666025941711,1.05292172474563,0.992704514195659,1.11488699031921,0.957022455667864,0.0515688949145802
32140,0,0.415030262870707,77,0,estimated,1140.94239411713,1083.55037346981,0.000383028120364788,1.05296663824085,0.992746859061772,1.1149345470087,0.95715165811735,0.0516115500676497
32141,8,10.4486069067499,98,0.765652308618476,estimated,1148.94239411713,1093.58395011369,0.00955446255924257,1.05062111966592,0.990741970301942,1.11223236037991,0.950559331180436,0.0493815318160864
32145,1,1.22489745946948,98,0.816394868214612,estimated,1141.94239411713,1084.36024066641,0.00112960381018461,1.05310242047913,0.992900865529339,1.11505079950301,0.957609321465952,0.0517404938341445
32147,0,0.0800957394349131,77,0,estimated,1140.94239411713,1083.21543894638,7.39425755534103e-05,1.05329221971476,0.993053820340367,1.11527928920655,0.958078682154513,0.0519207062525813
32148,2,3.10854488200635,84,0.643387847341981,estimated,1142.94239411713,1086.24388808895,0.00286173751225913,1.05219684699716,0.992072993575633,1.11406449543432,0.955034713275101,0.0508802137287863
32157,0,0.082073164125881,63,0,estimated,1140.94239411713,1083.21741637107,7.57679509999364e-05,1.05329029691883,0.993052007510261,1.11527725325257,0.958073256563306,0.0519188807404857
32159,36,25.9559452236602,84,1.38696547899878,estimated,1176.94239411713,1109.0912884306,0.0234028934267337,1.06117720551438,1.00140973396534,1.12265255281917,0.977644352977892,0.059378863135919
32162,29,22.4036665310454,91,1.29443097895668,estimated,1169.94239411713,1105.53900973799,0.0202649262791324,1.05825518937989,0.998476827209026,1.11974691436557,0.971856656754682,0.0566215041440711
32163,6,3.2646252352471,91,1.83788323854755,estimated,1146.94239411713,1086.39996844219,0.00300499386052846,1.05572756575256,0.995505707955315,1.11769296842156,0.964871515229873,0.0542301650229623
32164,19,11.6408697430606,91,1.63218044865817,estimated,1159.94239411713,1094.77621295,0.0106331043781933,1.05952465937448,0.99942089829159,1.12135862650583,0.973847344358281,0.0578203729947514
32168,19,22.6150210169389,126,0.840149561911475,estimated,1159.94239411713,1105.75036422388,0.0204521940472633,1.04900928061759,0.98950202647478,1.11022956917273,0.945953495996915,0.0478461764842609
32169,14,10.2886871115982,112,1.36071782999583,estimated,1154.94239411713,1093.42403031854,0.00940960398373617,1.05626212895712,0.996215769807455,1.11804083334905,0.966637088918704,0.0547363826596389
32174,42,37.842952772561,98,1.10984997001749,estimated,1182.94239411713,1120.9782959795,0.0337588630469371,1.05527680451965,0.995990403273513,1.11625297149678,0.965948098940344,0.0538031064662769
32176,12,14.4432964647593,98,0.830835261830929,estimated,1152.94239411713,1097.5786396717,0.01315923610638,1.05044172002289,0.990675223120127,1.11193400462192,0.950272500460891,0.0492107614420867
32177,11,11.8568591104951,91,0.927733044433609,estimated,1151.94239411713,1094.99220231744,0.0108282589459553,1.05200967794945,0.992128374110243,1.11362084580541,0.955110846773994,0.0507023138449265
32179,4,4.56074097737382,91,0.877050466107218,estimated,1144.94239411713,1087.69608418432,0.00419302877310072,1.05263079527931,0.99253393310378,1.11446912450031,0.956457754288519,0.0512925499026201
32180,0,1.38789435170398,105,0,estimated,1140.94239411713,1084.52323755865,0.00127972762928367,1.05202208178175,0.991856322340164,1.11393440266451,0.954365894224303,0.0507141043820598
32181,1,0.669524811388824,70,1.49359662702515,estimated,1141.94239411713,1083.80486801833,0.000617754017485645,1.05364206031396,0.993409656363596,1.11562218346108,0.959123860485846,0.0522527912214629
32182,0,0.00854569376450739,63,0,estimated,1140.94239411713,1083.14388890071,7.88971239378037e-06,1.0533617978264,0.993119419239023,1.11535296204438,0.958274621109077,0.0519867618185039
32187,0,0.516085101599421,84,0,estimated,1140.94239411713,1083.65142830854,0.000476246409239705,1.05286844488178,0.992654281438451,1.11483057489378,0.956868768171971,0.0515182917114422
32189,1,1.76531626088131,77,0.56647073510826,estimated,1141.94239411713,1084.90065946783,0.001627168575736,1.05257784125349,0.992406274350886,1.11449536208916,0.956092820590481,0.05124224227523
32190,0,0.376311431878799,77,0,estimated,1140.94239411713,1083.51165463882,0.000347307230400063,1.0530042655586,0.992782334451159,1.11497438872347,0.957259653010027,0.0516472840064976
32193,0,0.477073686884346,63,0,estimated,1140.94239411713,1083.61241689383,0.000440262292538024,1.0529063494747,0.992690018245485,1.11487071020158,0.956978151749764,0.0515542923255859
32195,1,1.28195519608298,84,0.780058463084749,estimated,1141.94239411713,1084.41729840303,0.0011821604081481,1.05304701040717,0.992848623024399,1.11499212995309,0.957451212650123,0.0516878764166374
32202,5,4.57042290316272,77,1.09399066693369,estimated,1145.94239411713,1087.70576611011,0.00420189268602265,1.05354079184051,0.993417841875705,1.11540519344507,0.959113572049921,0.0521566738167302
32204,9,8.10094546089946,84,1.11098143339441,estimated,1149.94239411713,1091.23628866784,0.00742364009062502,1.05379779435392,0.993763331949736,1.11556807458539,0.960086364056208,0.052400585750358
32205,16,13.5299030294563,84,1.18256575565738,estimated,1156.94239411713,1096.6652462364,0.0123373135748479,1.05496403582369,0.99504257486244,1.11661272223245,0.963596500370759,0.0535066770803318
32206,3,9.1573465689159,84,0.327605816534599,estimated,1143.94239411713,1092.29268977586,0.00838360144183973,1.0472855900481,0.987468151069564,1.10883716750413,0.938318333921625,0.0462016645579292
32207,15,18.5620563893597,91,0.808100120232282,estimated,1155.94239411713,1101.6973995963,0.0168485978056783,1.04923765322556,0.989616051011651,1.11057859145633,0.946442918861974,0.0480638559243628
32208,11,15.7948299142895,84,0.696430418034979,estimated,1151.94239411713,1098.93017312123,0.0143729149500266,1.04823984479863,0.988573123133954,1.10963023158393,0.942566725829156,0.0471124192551772
32209,20,22.4920184733485,77,0.889204320354736,estimated,1160.94239411713,1105.62736168029,0.020343218025254,1.05003044819077,0.990490552449388,1.11128356901341,0.949512852013483,0.0488191620259106
32210,23,21.1000350993767,91,1.09004558009856,estimated,1163.94239411713,1104.23537830632,0.0191082766536062,1.05407091366914,0.994377867634327,1.11547934472634,0.961730242884626,0.0526597283769437
32211,7,9.77555008418949,77,0.716072235292566,estimated,1147.94239411713,1092.91089329113,0.0089445078681135,1.05035314513179,0.990463581167362,1.11197586704055,0.949608735325786,0.0491264363205536
32212,0,0.0100487624346383,77,0,estimated,1140.94239411713,1083.14539196938,9.27739019077356e-06,1.05336033608809,0.993118041098382,1.11535141428163,0.958270512524966,0.0519853741287956
32216,10,12.7221767294248,84,0.786029011597617,estimated,1150.94239411713,1095.85751993637,0.0116093346972365,1.05026645634002,0.990458792076329,1.11180261858101,0.949547889792295,0.0490438999186696
32217,10,10.9823570882294,84,0.910551343364875,estimated,1150.94239411713,1094.11770029517,0.0100376377105192,1.05193654558977,0.992033777710675,1.11357056003047,0.954820221981007,0.0506327946158787
32218,15,12.64479684567,91,1.18625867881274,estimated,1155.94239411713,1095.78014005261,0.0115395382554231,1.05490358135313,0.994960019941546,1.11657576326946,0.963380671633715,0.0534493706691738
32219,3,3.38945693335639,91,0.88509754187355,estimated,1143.94239411713,1086.5248001403,0.00311953940942601,1.05284517571013,0.992710191852493,1.11472350383547,0.95701010590239,0.0514961907273229
32220,6,3.88818512391525,98,1.54313640137542,estimated,1146.94239411713,1087.02352833086,0.00357690981158946,1.05512195847157,0.99493464632487,1.11705181532341,0.963366414703638,0.0536563606937987
32221,7,6.19246816744984,91,1.13040548787879,estimated,1147.94239411713,1089.32781137439,0.00568466911685369,1.05380802925502,0.993721472969824,1.11563344429089,0.95998149857135,0.0524102980988273
32222,2,1.49955023030246,91,1.3337332485332,estimated,1142.94239411713,1084.63489343725,0.00138253917458835,1.05375772163765,0.993544677872737,1.11571714723969,0.959509812225868,0.0523625580770958
32223,8,8.35213555710718,91,0.957838859929957,estimated,1148.94239411713,1091.48747876405,0.00765206721983173,1.05263909707708,0.992644935013895,1.11436867739962,0.956759981450594,0.0513004365852735
32224,9,6.70257499468832,91,1.34276751951785,estimated,1149.94239411713,1089.83791820163,0.00615006587929001,1.05514992175596,0.995038429164279,1.11699945940188,0.963626320602357,0.0536828627617599
32225,12,11.1059331982931,98,1.08050352777598,estimated,1152.94239411713,1094.24127640524,0.0101494372747278,1.05364549754944,0.99369671679792,1.11532532953515,0.959869641804026,0.0522560534582393
32226,6,3.82989153351849,98,1.56662400161705,estimated,1146.94239411713,1086.96523474046,0.00352347196682234,1.05517854431746,0.994988004344879,1.11711172244729,0.963509293428611,0.0537099889290508
32227,0,0.0213564131720381,91,0,estimated,1140.94239411713,1083.15669962012,1.97168269185134e-05,1.05334933949749,0.993107673409244,1.11533977053309,0.958239593085424,0.0519749345407241
32233,4,6.9425401395614,91,0.576157993989316,estimated,1144.94239411713,1090.07788334651,0.0063688478095235,1.0503308172827,0.990365265592564,1.11203403094638,0.949309223003144,0.049105178625931
32234,4,2.45931252316049,105,1.62647079715577,estimated,1144.94239411713,1085.5946557301,0.00226540588623892,1.05466841428684,0.994455220241468,1.11662644640421,0.962075100144713,0.0532264182714831
32244,14,11.4433014860683,91,1.22342315432696,estimated,1154.94239411713,1094.57864469301,0.0104545265354393,1.05514793269245,0.995164913340018,1.1168614699258,0.963934407404524,0.0536809776596068
32246,13,6.17700902972248,84,2.10457843552546,estimated,1153.94239411713,1089.31235223667,0.00567055814343731,1.05933104655222,0.999084518258859,1.12131645884022,0.973162219663446,0.0576376207457431
32250,4,9.94666940022864,91,0.402144661599797,estimated,1144.94239411713,1093.08201260717,0.00909965518186899,1.04744418160012,0.987643433892105,1.10897781564625,0.939012422630062,0.0463530841390845
32254,6,5.79131560436799,84,1.03603402229963,estimated,1146.94239411713,1088.92665881131,0.00531837067033502,1.05327790888061,0.993195786837724,1.11509953016188,0.958447911204255,0.0519071193950114
32256,12,10.4524007453044,91,1.14806160731934,estimated,1152.94239411713,1093.58774395225,0.00955789858025402,1.05427516035465,0.994290553969603,1.11599185245709,0.961562215289289,0.0528534790032392
32257,10,13.5288629366728,91,0.739160419231753,estimated,1150.94239411713,1096.66420614362,0.0123363768607408,1.04949389947209,0.989730228636454,1.11098479683341,0.946944438739359,0.0483080474670814
32258,8,4.14265983738714,91,1.93112645354096,estimated,1148.94239411713,1087.27800304433,0.00381012015858674,1.05671446575774,0.996488031940849,1.11868303663175,0.967331572628156,0.0551645339308513
32259,8,7.64864154328917,91,1.04593736740338,estimated,1148.94239411713,1090.78398475023,0.00701205889545633,1.05331798979448,0.993285134887923,1.11508738220707,0.958695745485543,0.0519451721738098
32266,0,2.11911005405216,91,0,estimated,1140.94239411713,1085.254453261,0.00195263889282795,1.05131325717098,0.991188035824325,1.11318386317198,0.952178863951656,0.0500401037845579
32277,5,6.45351676467571,84,0.774771366112853,estimated,1145.94239411713,1089.58885997162,0.00592289165368652,1.05171999844692,0.991700956627813,1.11347748222294,0.953805233244255,0.050426917716217
32301,9,8.26550047242176,112,1.08886328541495,estimated,1149.94239411713,1091.40084367937,0.00757329492668967,1.05363890890941,0.993613498148996,1.11539987578068,0.959652185273585,0.0522498002538637
32303,16,14.1920477056621,112,1.12739192622757,estimated,1156.94239411713,1097.32739091261,0.0129332848365875,1.05432745386493,0.994442150459478,1.11593894048278,0.961957486543742,0.0529030791601769
32304,10,6.35473076989003,112,1.57363078973888,estimated,1150.94239411713,1089.49007397683,0.00583275692149643,1.05640466270242,0.996247456869457,1.11830046859413,0.966732289451,0.0548713151971165
32305,8,6.57982872653671,126,1.2158371186374,estimated,1148.94239411713,1089.71517193348,0.00603811793760944,1.0543511035811,0.994259367338936,1.11618108055743,0.961503216734942,0.0529255100006563
32308,17,16.3671378953926,105,1.03866663241015,estimated,1157.94239411713,1099.50248110234,0.014885949033042,1.05315123341623,0.993358197896323,1.11466703742006,0.958834111573055,0.051786844317164
32309,18,9.89331790453429,119,1.8194098454827,estimated,1158.94239411713,1093.02866111148,0.00905128864093462,1.06030375538243,1.00013023205626,1.12221025094564,0.975253035520887,0.0585554287545591
32310,3,4.57398920066342,112,0.655882615456302,estimated,1143.94239411713,1087.70933240761,0.00420515763208453,1.0516986110481,0.991629115116918,1.11350955271813,0.953595474281587,0.050406581869869
32311,4,3.37983338837017,119,1.18349029090126,estimated,1144.94239411713,1086.51517659531,0.00311070978222427,1.05377487473751,0.99361269470711,1.11568041457263,0.959690916924187,0.0523788359746595
32312,6,8.15015127930934,112,0.736182654085465,estimated,1146.94239411713,1091.28549448625,0.00746839513627569,1.05100122737092,0.991048974050391,1.11268921996703,0.95163296561521,0.0497432597066144
32313,0,0.0131906850527251,98,0,estimated,1140.94239411713,1083.148533892,1.21780943610088e-05,1.05335728057302,0.993115160330013,1.11534817894711,0.958261923146587,0.0519824733935072
32317,5,3.57540630446503,119,1.39844246337987,estimated,1145.94239411713,1086.71074951141,0.0032901177301067,1.05450543728619,0.9943274374075,1.1164264833166,0.961714256958306,0.0530718771929014
32320,2,2.54369438506566,112,0.786257976485793,estimated,1142.94239411713,1085.67903759201,0.00234295247212976,1.0527442775833,0.992589143288411,1.11464411414489,0.956648533381417,0.051400352360776
32321,1,1.10940338898804,105,0.901385384185788,estimated,1141.94239411713,1084.24474659593,0.00102320384071133,1.05321459725984,0.993006629622644,1.11516957504334,0.957927921542488,0.0518470084564652
32322,0,0.922359992029859,98,0,estimated,1140.94239411713,1084.05770319897,0.000850840309799048,1.05247385886406,0.992282262026351,1.11441276718084,0.95571637784167,0.0511434490821591
32324,1,2.45154617865536,105,0.407905838652603,estimated,1141.94239411713,1085.5868893856,0.00225826804157781,1.05191247728077,0.991778946513101,1.11379085831506,0.954105184730133,0.0506099143533291
32327,11,6.91976332429983,126,1.58964974443154,estimated,1151.94239411713,1090.05510653124,0.00634808578285532,1.05677445774538,0.99662193850514,1.11866467593134,0.967645869345297,0.0552213045029462
32328,0,1.11934386232859,126,0,estimated,1140.94239411713,1084.25468706927,0.00103236248427402,1.05228264883142,0.992101987407543,1.11421030428849,0.955148877609789,0.0509617558245596
32330,0,0.147755313195914,70,0,estimated,1140.94239411713,1083.28309852014,0.000136395844629867,1.05322643330793,0.9929917962967,1.11520963121831,0.957892720585274,0.0518582464146329
32331,8,2.10347743564314,133,3.80322596498593,estimated,1148.94239411713,1085.23882064259,0.00193826224756468,1.05870005040626,0.998360450084792,1.12078506129032,0.971636135776013,0.0570417879786586
32332,0,0.35689776811524,91,0,estimated,1140.94239411713,1083.49224097506,0.000329395776562331,1.05302313294867,0.992800122804137,1.11499436647418,0.957313719860196,0.0516652015227544
32333,7,4.26940214473768,105,1.63957382384978,estimated,1147.94239411713,1087.40474535168,0.00392623093010036,1.0556716797717,0.99547886092392,1.11760643252704,0.964796740045077,0.0541772276346528
32334,0,0.398621237448297,119,0,estimated,1140.94239411713,1083.53396444439,0.000367889932875984,1.05298258435505,0.992761893208355,1.11495143156417,0.957197452891472,0.0516266939410428
32336,0,0.221357879463991,126,0,estimated,1140.94239411713,1083.35670108641,0.000204325942916133,1.05315487777292,0.992924333064676,1.1151338645842,0.957689676065955,0.0517903047417162
32340,6,4.67167564966434,119,1.28433573945381,estimated,1146.94239411713,1087.80701885661,0.00429458127101876,1.05436200928606,0.99421804691374,1.11624726129967,0.961401800336284,0.0529358534702297
32343,0,0.474743212342198,105,0,estimated,1140.94239411713,1083.61008641929,0.000438112581538396,1.052908613916,0.992692153182069,1.11487310790703,0.956984679118541,0.0515564429811263
32344,8,5.43402256219309,133,1.47220588586797,estimated,1148.94239411713,1088.56936576914,0.00499189370293701,1.05546089229265,0.995305904700612,1.11735595025599,0.964340012731928,0.0539775362627806
32346,1,0.579290255259246,105,1.72625033982745,estimated,1141.94239411713,1083.7146334622,0.000534541324230859,1.05372979090345,0.993492371754372,1.1157150747716,0.959365787409338,0.0523360518852034
32347,3,5.91879111851933,126,0.506860259118334,estimated,1143.94239411713,1089.05413432546,0.00543479973305946,1.05039993702945,0.990404617000819,1.11213455239919,0.949461838181779,0.049170984057336
32348,7,4.40210951442081,133,1.5901467187649,estimated,1147.94239411713,1087.53745272136,0.00404777739231447,1.0555428608409,0.995357387055707,1.11747005597318,0.964480295069283,0.0540551946261752
32350,0,0.758668002867507,119,0,estimated,1140.94239411713,1083.89401120981,0.000699946669158826,1.05263280571469,0.992432118613436,1.11458106817773,0.956183602318023,0.0512944598158257
32351,9,8.08365325973975,112,1.11335799678891,estimated,1149.94239411713,1091.21899646668,0.0074079110480245,1.05381449355317,0.993779079801906,1.11558575263866,0.960131770775095,0.05241643230747
32352,1,1.66123618525433,91,0.601961363998883,estimated,1141.94239411713,1084.7965793922,0.00153138036827615,1.05267883012403,0.992501490101055,1.11460229159445,0.956388200009965,0.0513381819979181
32355,0,0.0732890991648855,91,0,estimated,1140.94239411713,1083.20863230611,6.76592643181359e-05,1.053298838367,0.993060060468004,1.11528629737164,0.958097353689523,0.0519269900087124
32356,0,0.0557210223354571,105,0,estimated,1140.94239411713,1083.19106422928,5.14415454258794e-05,1.05331592162731,0.993076166726646,1.11530438599516,0.95814551454824,0.0519432086934341
32358,0,0.86580005103408,112,0,estimated,1140.94239411713,1084.00114325798,0.000798707691794409,1.05252877380555,0.992334036350152,1.11447091390951,0.955878262945474,0.0511956247332962
32359,2,0.635072003262831,119,3.14924920280619,estimated,1142.94239411713,1083.77041521021,0.00058598388953038,1.0545982599972,0.994337186811492,1.11660710803561,0.961762309433946,0.0531598981955612
32360,0,0.0607575122306461,77,0,estimated,1140.94239411713,1083.19610071917,5.60909628370218e-05,1.05331102406999,0.993071549263496,1.11529920021276,0.958131712123062,0.0519385590260279
32399,0,0.0370828692166527,91,0,estimated,1140.94239411713,1083.17242607616,3.42354257954914e-05,1.05333404603942,0.993093254592999,1.11532357704306,0.958196560459177,0.0519604155501807
32401,11,19.3993566376207,105,0.567029113670087,estimated,1151.94239411713,1102.53469984456,0.017595234544868,1.04481282473879,0.985341172030006,1.10600250737413,0.928841448410329,0.0438377542912535
32404,10,14.3064319702305,119,0.698986303559717,estimated,1150.94239411713,1097.44177517717,0.0130361649190189,1.04875030288629,0.989028976328796,1.11019763217984,0.944336501165824,0.0475992676061908
32405,17,17.1279884480504,105,0.992527526017515,estimated,1157.94239411713,1100.26333165499,0.0155671719262759,1.05242296166989,0.992671274037177,1.11389622646321,0.956751566886512,0.0510950883324258
32407,4,2.32701875804506,98,1.71893758319354,estimated,1144.94239411713,1085.46236196499,0.00214380418850498,1.05479695495334,0.994576422256327,1.11676253837939,0.962408199299822,0.0533482886454078
32408,4,3.26869117855521,91,1.22373139017924,estimated,1144.94239411713,1086.4040343855,0.00300872518427647,1.05388267889188,0.993714344100056,1.11579455183906,0.95998501357846,0.0524811335744508
32409,3,3.02085488928869,105,0.993096361774067,estimated,1143.94239411713,1086.15619809623,0.00278123431471782,1.05320247320062,0.99304708170915,1.11510180058764,0.958030742356006,0.0518354969097796
32410,0,0.291563074363125,105,0,estimated,1140.94239411713,1083.42690628131,0.000269111901017734,1.0530866341812,0.992859992363961,1.11506160480382,0.957495275000757,0.0517255034438986
32413,7,3.65579611396099,105,1.91476761334363,estimated,1147.94239411713,1086.7911393209,0.00336384423988344,1.05626771564814,0.996040911726943,1.11823743697879,0.966230294378911,0.0547416717598517
32420,2,0.918234612217687,105,2.17809258482391,estimated,1142.94239411713,1084.05357781916,0.000847038034840437,1.05432279132959,0.994077458770592,1.1163154422099,0.961035896918813,0.0528986568664904
32421,1,1.17877627049642,98,0.848337402973735,estimated,1141.94239411713,1084.31411947744,0.00108711696114822,1.05314721408171,0.992943098465006,1.11509822807349,0.957736781187625,0.0517830278261791
32423,2,0.602757678878367,112,3.31808298771352,estimated,1142.94239411713,1083.73810088582,0.000556183895708463,1.05462970544536,0.994366835427127,1.11664040243051,0.961844508506242,0.0531897152174063
32424,4,3.49748729312223,91,1.14367820802836,estimated,1144.94239411713,1086.63283050007,0.00321864680962446,1.05366077848967,0.993505112449274,1.11555961557453,0.959377701377353,0.0522705562767439
32425,3,6.83807649816897,98,0.438719865272538,estimated,1143.94239411713,1089.97341970511,0.00627361766309767,1.04951402799035,0.989569308113569,1.11119657628368,0.946473200140872,0.0483272265449652
32426,1,0.468873016728044,98,2.13277361742491,estimated,1141.94239411713,1083.60421622367,0.000432697667384547,1.05383716399403,0.993593606764857,1.11582876404643,0.95966026161887,0.052437944819547
32427,1,0.520248426191596,91,1.92215862587102,estimated,1141.94239411713,1083.65559163314,0.000480086505535906,1.0537872022569,0.993546501135742,1.11577586332771,0.959523461187752,0.052390534343621
32428,11,8.3178498369374,105,1.32245715126425,estimated,1151.94239411713,1091.45319304388,0.00762089468421481,1.05542079262653,0.995345325179618,1.11723173313036,0.964427184618412,0.0539395429764638
32430,0,0.297486255897454,84,0,estimated,1140.94239411713,1083.43282946284,0.000274577479847039,1.05308087690384,0.992854564348663,1.11505550870619,0.957478840865486,0.0517200363788767
32431,0,2.05382260486619,105,0,estimated,1140.94239411713,1085.18916581181,0.00189259409287391,1.05137650656843,0.991247667951664,1.11325083484586,0.952377445239139,0.0501002642500332
32433,3,5.04168438399102,91,0.595039231239062,estimated,1143.94239411713,1088.17702759093,0.00463314723262682,1.05124659417747,0.991202915933303,1.1130309696924,0.952189412812972,0.0499766925161523
32435,7,4.75048905205105,91,1.47353249808621,estimated,1147.94239411713,1087.885832259,0.00436671653512268,1.05520483866715,0.99503863840029,1.1171122025203,0.963638589112404,0.0537349079555178
32437,0,0.2057741257392,77,0,estimated,1140.94239411713,1083.34111733268,0.000189943982044954,1.05317002730061,0.992938616181993,1.11514990567342,0.957732731557103,0.051804689538334
32438,1,0.975137493163606,98,1.02549641154268,estimated,1141.94239411713,1084.11048070011,0.000899481658487309,1.05334503673433,0.99312961240628,1.11530768757399,0.958295894371312,0.051970849692722
32439,0,1.57860211303819,84,0,estimated,1140.94239411713,1084.71394531998,0.00145531650980343,1.05183712170361,0.991681940237293,1.11373855754136,0.953803304498364,0.0505382750505963
32440,2,3.55319224049317,91,0.562874132507508,estimated,1142.94239411713,1086.68853544744,0.0032697430078529,1.05176631282535,0.991667060668797,1.11360864647767,0.953731006066381,0.0504709535420663
32442,4,1.16401978090846,77,3.43636771952294,estimated,1144.94239411713,1084.29936298785,0.0010735225166055,1.05592831020593,0.995643186105179,1.11796035674411,0.965235927458595,0.0544202949170074
32443,2,1.22079226318588,105,1.63828036948779,estimated,1142.94239411713,1084.35613547013,0.00112582224903131,1.05402861359898,0.99380009072612,1.11600396725542,0.960247495948323,0.0526195973777994
32444,8,7.64508197682203,105,1.0464243580715,estimated,1148.94239411713,1090.78042518377,0.00700881845723812,1.05332142710901,0.99328837629598,1.11509102109494,0.958705360589576,0.0519484354893011
32445,0,0.487395891429451,98,0,estimated,1140.94239411713,1083.62273909837,0.000449783742850383,1.05289631986355,0.992680562233675,1.11486009033999,0.956949231031835,0.0515447666361222
32446,7,7.74164387765556,105,0.904200724112853,estimated,1147.94239411713,1090.8769870846,0.00709671573359095,1.05231149589565,0.992310269702305,1.1140491114524,0.955729252253168,0.0509891692470533
32448,3,3.79267306660237,105,0.790998841006753,estimated,1143.94239411713,1086.92801627355,0.00348935072959594,1.05245460323956,0.992341927570958,1.11430997644992,0.955871028933398,0.0511251533302128
32449,1,0.138400498516748,98,7.22540750009644,estimated,1141.94239411713,1083.27374370546,0.000127761333938856,1.05415865634386,0.993896720712937,1.11616916807052,0.960531381544954,0.0527429666314671
32455,1,1.56306517801313,91,0.639768586791204,estimated,1141.94239411713,1084.69840838496,0.00144101361809909,1.05277410318819,0.992591316794095,1.11470316906305,0.956665355081922,0.051428683250847
32456,4,5.99552769498642,133,0.667163960120622,estimated,1144.94239411713,1089.13087090193,0.00550487352362109,1.05124409261211,0.991226400150631,1.11300095796519,0.952254823436498,0.0499743128952779
32459,4,1.6640489993184,84,2.40377537058008,estimated,1144.94239411713,1084.79939220626,0.00153396933227817,1.05544158887161,0.995184252695242,1.1174450422561,0.964042067033164,0.0539592470038407
32460,0,1.35268425585497,91,0,estimated,1140.94239411713,1084.4880274628,0.00124730215696307,1.05205623780505,0.991888524960473,1.11397056879645,0.95446916670528,0.0507465708762824
32461,0,0.0526286758044082,77,0,estimated,1140.94239411713,1083.18797188275,4.85868354990422e-05,1.05331892869342,0.993079001816878,1.11530757002945,0.958153987273209,0.0519460635461441
32462,6,1.49382632003721,112,4.01653118539948,estimated,1146.94239411713,1084.62916952698,0.00137726917365562,1.05745117902124,0.997131001168203,1.11951774831097,0.968873933698845,0.0558614644624174
32463,0,0.0890099960098512,98,0,estimated,1140.94239411713,1083.22435320295,8.21713394336641e-05,1.05328355178086,0.993045648130684,1.11527011115797,0.958054219074904,0.0519124768463384
32464,0,1.11199679719871,77,0,estimated,1140.94239411713,1084.24734000414,0.00102559329054426,1.05228977929775,0.992108710078328,1.11421785438834,0.955170147492939,0.0509685319908146
32465,4,2.92231694834482,112,1.36877692279942,estimated,1144.94239411713,1086.05766015529,0.00269075672089728,1.05421879161869,0.994031267458378,1.11615040999756,0.960890522781063,0.0528000107578928
32466,1,1.45224819683315,98,0.688587530823348,estimated,1141.94239411713,1084.58759140378,0.00133898654967416,1.05288166964839,0.99269273412004,1.11481706308239,0.956976521507638,0.0515308523343954
32501,8,9.20408009309668,105,0.869179746273636,estimated,1148.94239411713,1092.33942330004,0.00842602573592964,1.05181811588022,0.991870744857865,1.11349955166311,0.954319545263573,0.0505202057177048
32502,2,3.63037109121656,112,0.550907868575437,estimated,1142.94239411713,1086.76571429816,0.00334052780967706,1.05169161952744,0.991596635440033,1.11352956132219,0.953501693126973,0.0503999340110455
32503,32,25.2300688116661,112,1.26832789236007,estimated,1172.94239411713,1108.36541201861,0.0227633130176048,1.0582632599306,0.998559831734008,1.11967568202667,0.972032165735966,0.0566291303952936
32504,10,13.634651065137,105,0.733425443176129,estimated,1150.94239411713,1096.76999427208,0.0124316412158834,1.04939267132395,0.989634764948426,1.11087763762681,0.946595359236397,0.0482115885639365
32505,17,15.9949316965927,112,1.06283667367091,estimated,1157.94239411713,1099.13027490354,0.0145523529483313,1.05350786940953,0.993694585754366,1.11504450494179,0.959823197886713,0.0521254240106929
32506,10,14.3470491820655,112,0.697007438470378,estimated,1150.94239411713,1097.48239238901,0.0130726919006279,1.04871148922194,0.98899237291746,1.11015654438407,0.944197574986772,0.0475622574785154
32507,11,13.6397020615792,112,0.806469228604719,estimated,1151.94239411713,1096.77504526852,0.0124361892809476,1.05029960253618,0.990515637673556,1.11181061946621,0.949731993742671,0.0490754592176733
32508,0,0.0392143093275515,98,0,estimated,1140.94239411713,1083.17455751627,3.62031300083989e-05,1.05333197331862,0.993091300412316,1.11532138234102,0.958190725425542,0.0519584477766644
32509,0,0.0219098567867236,14,0,estimated,1140.94239411713,1083.15725306373,2.02277709213055e-05,1.05334880128435,0.993107165976829,1.11533920064568,0.958238079288424,0.0519744235865162
32514,27,24.6510703192817,119,1.09528712750785,estimated,1167.94239411713,1107.78641352623,0.0222525479806294,1.05430286908775,0.99469753333034,1.11561809152279,0.962592002242478,0.0528797609171378
32526,20,16.6395950084398,119,1.20195233056187,estimated,1160.94239411713,1099.77493821538,0.0151300001757097,1.05561815765779,0.99576142192413,1.11719723535501,0.965461580918925,0.0541265267664177
32530,0,0.0483892092232657,91,0,estimated,1140.94239411713,1083.18373241617,4.46731314135672e-05,1.05332305127232,0.993082888623073,1.11531193522533,0.958165600763237,0.0519499774327342
32531,3,1.69554024007618,98,1.76934756786734,estimated,1143.94239411713,1084.83088344702,0.00156295351279883,1.05448914809863,0.994260266054128,1.11646409656781,0.961541252081759,0.0530564298440331
32533,8,10.4798025297032,126,0.763373162550092,estimated,1148.94239411713,1093.61514573665,0.00958271524544783,1.05059115045743,0.990713709159922,1.11220063369663,0.950462032167434,0.0493530061797923
32534,8,6.61100200688134,119,1.21010400415442,estimated,1148.94239411713,1089.74634521383,0.00606655120791817,1.05432094281692,0.994230925558764,1.11614915108513,0.961423568067678,0.0528969035948066
32535,3,4.67163427113558,133,0.642173557663957,estimated,1143.94239411713,1087.80697747808,0.00429454339589371,1.05160420718131,0.991540103282252,1.11340960050143,0.953304659617313,0.050316814608558
32536,6,4.65530207228078,91,1.28885299102845,estimated,1146.94239411713,1087.79064527922,0.00427959377338257,1.05437787969093,0.994233012023247,1.11626406321002,0.961443708666013,0.0529509054972233
32539,10,7.31018256443029,91,1.36795489194179,estimated,1150.94239411713,1090.44552577137,0.00670384938235142,1.05547903761902,0.995374541718745,1.1173206102112,0.964509086172107,0.0539947279659782
32541,6,4.06039730941602,98,1.47768790657162,estimated,1146.94239411713,1087.19574051636,0.00373474357753421,1.05495482678436,0.994777048328953,1.11687487392522,0.962941674669036,0.0534979477974287
32542,0,0.013219706321821,98,0,estimated,1140.94239411713,1083.14856291327,1.22048874683127e-05,1.05335725234997,0.993115133721048,1.11534814906311,0.958261843801734,0.051982446600073
32547,17,10.7608354297161,98,1.57980299123007,estimated,1157.94239411713,1093.89617863666,0.00983716337973454,1.05854871488837,0.998449235439855,1.12037979214243,0.971814393675239,0.0568988331019084
32548,4,8.39450921114218,98,0.476501948999083,estimated,1144.94239411713,1091.52985241809,0.00769059058947923,1.0489336517739,0.989047867143018,1.1105547869148,0.944517602065103,0.0477740783899313
32550,5,1.70963938286137,84,2.9245933675391,estimated,1145.94239411713,1084.84498258981,0.00157592965842919,1.05631902484489,0.996037528039554,1.11834656557388,0.96623061628691,0.0547902465196701
32561,5,5.02155717924521,119,0.995707072831051,estimated,1145.94239411713,1088.15690038619,0.00461473632843118,1.05310400890757,0.993005985057279,1.11494276241669,0.957888666661971,0.0517420021653493
32563,9,6.86258462301183,98,1.3114592379409,estimated,1149.94239411713,1089.99792782996,0.00629596116450822,1.05499502774883,0.994892359410242,1.11683548599993,0.963234602832217,0.05353605388264
32564,2,0.753522874071029,98,2.65419945275805,estimated,1142.94239411713,1083.88886608101,0.000695203076303865,1.05448301009829,0.994228522436997,1.11648508160981,0.961459780373366,0.0530506089987317
32565,6,4.01410500159145,126,1.49472921052668,estimated,1146.94239411713,1087.14944820854,0.00369232124268298,1.05499974820125,0.994819407293872,1.11692243198225,0.963056238126716,0.0535405282562001
32566,6,4.66877273837604,105,1.28513430321456,estimated,1146.94239411713,1087.80411594532,0.00429192413407886,1.05436482295383,0.994220700081484,1.11625024011426,0.961409233040849,0.0529385220641176
32567,3,1.44547381152731,98,2.07544403508089,estimated,1143.94239411713,1084.58081701847,0.00133274882687022,1.05473227644008,0.994489507720474,1.11672151416625,0.962176312409072,0.0532869683163781
32568,3,1.83572678188952,126,1.63423012051504,estimated,1143.94239411713,1084.97106998883,0.00169195919842214,1.05435290005374,0.99413180004041,1.11631984088663,0.961181497687021,0.0529272138648638
32569,0,2.00329634122587,91,0,estimated,1140.94239411713,1085.13863954817,0.0018461201806066,1.05142546079845,0.991293822460571,1.11330267007053,0.952530679886142,0.0501468252013555
32570,16,15.1625874568229,133,1.05522886813097,estimated,1156.94239411713,1098.29793066377,0.0138055322089692,1.05339576977799,0.993563385590398,1.11495281179095,0.959448081485779,0.0520190122796982
32571,5,7.84393318387745,119,0.637435312462514,estimated,1145.94239411713,1090.97927639082,0.00718980951666356,1.05037961665793,0.990437067090337,1.11205839259659,0.949545594938423,0.0491516385039272
32577,0,2.36506357102773,126,0,estimated,1140.94239411713,1085.50040677797,0.00217877723145938,1.05107504980466,0.990963451676892,1.11293163711617,0.951424873186668,0.0498134973422037
32578,14,10.2182183945569,98,1.37010185723351,estimated,1154.94239411713,1093.3535616015,0.00934575854821347,1.05633020706076,0.99627997780902,1.11811289320772,0.96679654868587,0.0548008324851043
32579,7,3.51249940092644,84,1.99288290217322,estimated,1147.94239411713,1086.64784260787,0.00323241740626542,1.05640700612092,0.996172260065477,1.11838489942507,0.966558139997351,0.0548735334908999
32580,1,1.47223572250052,84,0.6792390543965,estimated,1141.94239411713,1084.60757892944,0.00135739022214254,1.05286226677881,0.992674440433099,1.11479651884584,0.956920530164443,0.0515124238168132
32583,8,7.04494425328734,119,1.13556611839292,estimated,1148.94239411713,1090.18028746023,0.00646218275483571,1.05390127425052,0.993835175602315,1.11570487202825,0.960300986043963,0.0524987780380711
32601,2,4.47229577339155,84,0.447197614231875,estimated,1142.94239411713,1087.60763898034,0.00411204887967177,1.05087749768719,0.990829033547386,1.11266757029858,0.950941223732667,0.0496255272395672
32603,0,0.577726395270957,84,0,estimated,1140.94239411713,1083.71306960221,0.000533099038367246,1.05280855802166,0.992597819542962,1.11476716364518,0.95669548057955,0.0514614103758407
32605,7,9.03511526599543,98,0.77475491943586,estimated,1147.94239411713,1092.17045847294,0.00827262374284343,1.0510652299845,0.991135064007756,1.1127297288966,0.951909721081102,0.0498041546544148
32606,8,8.36599383801244,84,0.956252198471689,estimated,1148.94239411713,1091.50133704496,0.00766466659643484,1.05262573221182,0.992632331866394,1.11435452878281,0.956721133460356,0.0512877399733578
32607,4,5.33615607694538,84,0.749603261659046,estimated,1144.94239411713,1088.47149928389,0.00490243068418059,1.05188091270226,0.991826862868986,1.11367518897907,0.954224548678328,0.0505799070544507
32608,11,7.98990019383877,98,1.37673809849119,estimated,1151.94239411713,1091.12524340078,0.00732262427449311,1.05573801090588,0.995644487119209,1.11756752936489,0.965204584672947,0.0542400587701603
32609,5,5.04340609395114,91,0.991393496152691,estimated,1145.94239411713,1088.1787493009,0.00463472209615497,1.05308286423839,0.992986047061721,1.11492037612277,0.957828605949413,0.0517219235394172
32615,6,3.87431566869726,98,1.54866059275379,estimated,1146.94239411713,1087.00965887564,0.00356419617531706,1.05513542106285,0.994947340969677,1.11706606809476,0.963400449964376,0.0536691198874483
32616,0,0.0190922511640448,70,0,estimated,1140.94239411713,1083.15443545811,1.76265272421379e-05,1.05335154135669,0.993109749342823,1.11534210197342,0.958245785637698,0.0519770248794306
32617,3,1.30327912477213,84,2.30188602194065,estimated,1143.94239411713,1084.43862233172,0.00120180072706178,1.05487057594599,0.994619908022639,1.1168679418779,0.962533634826013,0.0534180825741659
32618,0,1.883712853994,91,0,estimated,1140.94239411713,1085.01905606094,0.00173611038762089,1.05154134182603,0.991403076184272,1.11342537078706,0.952891794584334,0.0502570323882295
32619,4,1.6776844013541,105,2.38423865464297,estimated,1144.94239411713,1084.8130276083,0.00154651940809829,1.05542832264967,0.99517174386926,1.11743099669062,0.964009052031229,0.0539466775680174
32621,0,1.65856946199722,98,0,estimated,1140.94239411713,1084.79391266894,0.00152892585644826,1.05175958381814,0.991608836788937,1.11365645649079,0.953565768504401,0.0504645557057221
32622,0,0.412511419546944,91,0,estimated,1140.94239411713,1083.54785462649,0.00038070438493844,1.05296908599429,0.992749166826757,1.11493713881434,0.957158690318236,0.0516138746907712
32625,0,0.549521470265617,105,0,estimated,1140.94239411713,1083.68486467721,0.000507086043348312,1.05283595933305,0.992623653757292,1.11479617754514,0.956774839812203,0.0514874369070659
32626,6,4.09599125085132,105,1.46484687894608,estimated,1146.94239411713,1087.2313344578,0.00376735945795198,1.05492028951604,0.994744481169714,1.11683830950917,0.962853392256256,0.0534652091125143
32628,2,1.51795557798363,112,1.31756161313804,estimated,1142.94239411713,1084.65329878493,0.00139948459077578,1.0537398405532,0.993527818535977,1.1156982147734,0.959460721682247,0.0523455890567989
32631,0,0.128307830617353,91,0,estimated,1140.94239411713,1083.26365103756,0.00011844561616598,1.05324534154204,0.993009623157816,1.11522965221676,0.957946239215923,0.0518761989306198
32639,0,0.0112043765229776,84,0,estimated,1140.94239411713,1083.14654758347,1.03442849427669e-05,1.05335921225305,0.993116981536126,1.11535022430802,0.95826735347525,0.0519843072235766
32640,4,3.66115564562444,98,1.09255120163507,estimated,1144.94239411713,1086.79649885257,0.00336875914625218,1.05350210027908,0.993355493504855,1.11539161558134,0.958938743097743,0.0521199478805093
32641,3,4.61549540924723,91,0.649984396905572,estimated,1143.94239411713,1087.75083861619,0.0042431549996495,1.05165848051418,0.991591276704454,1.11346706361298,0.953472033061341,0.0503684233145971
32643,4,3.39840148866821,98,1.17702396651419,estimated,1144.94239411713,1086.53374469561,0.00312774592161448,1.05375686646334,0.993595714562441,1.11566134837617,0.95964161459058,0.052361746529395
32648,0,0.190430303356322,105,0,estimated,1140.94239411713,1083.3257735103,0.000175783045149264,1.05318494400824,0.992952679794377,1.11516570024094,0.957775089918565,0.0518188530652221
32653,7,4.59224034166123,91,1.52431046269407,estimated,1147.94239411713,1087.72758354861,0.00422186622010586,1.05535835578618,0.995183402203008,1.11727472626989,0.964022907164024,0.053880382982946
32656,5,5.68240196633712,98,0.879909592742699,estimated,1145.94239411713,1088.81774517328,0.00521887339871815,1.0524648401416,0.992403292061426,1.11426606136575,0.956041560801227,0.0511348799751681
32658,1,0.0320769630508361,91,31.1750211020658,estimated,1141.94239411713,1083.16742016999,2.96140397629406e-05,1.05426213238385,0.993994281451255,1.11627873105212,0.960808410121611,0.0528411216493131
32664,0,0.254409730868182,77,0,estimated,1140.94239411713,1083.38975293781,0.000234827521839027,1.05312274832142,0.992894041115335,1.11509984428939,0.957598242876389,0.051759796463883
32666,4,2.44299155962733,91,1.6373368070949,estimated,1144.94239411713,1085.57833476657,0.0022504055961587,1.05468427053984,0.994470171228297,1.11664323415589,0.96211632259313,0.0532414525074512
32667,1,1.02159444860478,98,0.97886201453593,estimated,1141.94239411713,1084.15693765555,0.000942293881192094,1.05329990009246,0.99308705604147,1.11525989578505,0.958168865761919,0.0519279980084188
32668,1,1.69920164414681,98,0.588511671610411,estimated,1141.94239411713,1084.83454485109,0.00156632331834534,1.052641990004,0.992466755979891,1.11456328436732,0.956280638116922,0.0513031848424367
32669,3,3.13106793408751,98,0.95813954316973,estimated,1143.94239411713,1086.26641114103,0.00288241254813227,1.0530956148368,0.992946326736538,1.11498866189215,0.957727621732467,0.0517340313437111
32680,3,2.9930629965153,112,1.00231769377817,estimated,1143.94239411713,1086.12840620346,0.00275571744502797,1.05322942258343,0.99307249183364,1.11513033385267,0.958106903612049,0.0518610846184251
32683,1,0.0560218538386824,84,17.8501768770371,estimated,1141.94239411713,1083.19136506078,5.17192581530031e-05,1.05423882699901,0.993972308339873,1.11625405473622,0.960746158010542,0.0528190155319404
32686,1,1.67061089294923,98,0.598583430899724,estimated,1141.94239411713,1084.80595409989,0.001540008963479,1.05266973305345,0.992492913072766,1.1145926593919,0.956361659686001,0.0513295401314471
32692,0,0.0799307258925757,84,0,estimated,1140.94239411713,1083.21527393284,7.37902500233132e-05,1.05329238016992,0.993053971619002,1.11527945910462,0.958079134887709,0.051920858589364
32693,7,4.33700462995111,98,1.61401718403951,estimated,1147.94239411713,1087.47234783689,0.00398815164227201,1.0556060541682,0.995416977194085,1.11753695676292,0.964635826728377,0.0541150609168673
32694,0,0.67345994089054,91,0,estimated,1140.94239411713,1083.80880314783,0.000621382608200386,1.05271556274811,0.992510142723616,1.11466869552718,0.956425251009243,0.0513730758156358
32696,7,5.09895646443677,98,1.37282992094996,estimated,1147.94239411713,1088.23429967138,0.00468553184362643,1.05486694773707,0.994720013505218,1.11675448801095,0.962780595079697,0.0534146430857148
32697,0,0.010505281684593,77,0,estimated,1140.94239411713,1083.14584848863,9.69886160691244e-06,1.0533598921227,0.993117622523632,1.11535094418853,0.958269264581913,0.0519849526533805
32701,9,10.8467452833097,84,0.82974198848835,estimated,1149.94239411713,1093.98208849025,0.00991492036060544,1.05115285361217,0.991269072483248,1.11276809581671,0.952332751280943,0.0498875176778891
32702,1,3.90949903156726,84,0.255787248423774,estimated,1141.94239411713,1087.04484223851,0.00359644688025618,1.05050164422433,0.990448765007848,1.11229703350091,0.949645426159736,0.0492678064843004
32703,12,16.5072054294425,91,0.726955271217295,estimated,1152.94239411713,1099.64254863639,0.0150114284409168,1.04847015563998,0.988815833924408,1.10984702593678,0.943485864858791,0.0473321070920506
32707,13,12.0910154954265,91,1.07517850795224,estimated,1153.94239411713,1095.22635870237,0.0110397411451565,1.05361086769709,0.993689658781802,1.11526157097618,0.959841093194219,0.0522231862163384
32708,11,14.7652418225905,105,0.744992878015059,estimated,1151.94239411713,1097.90058502953,0.0134486145867144,1.04922286209197,0.989500186229858,1.11067081949162,0.946083023339195,0.0480497587960248
32709,2,1.121072269244,105,1.7840063079508,estimated,1142.94239411713,1084.25641547619,0.00103395493283905,1.05412555351602,0.99389149137417,1.11610660709898,0.960508749321858,0.0527115640077707
32712,6,10.445518899285,91,0.574408993737085,estimated,1146.94239411713,1093.58086210623,0.00955166578095287,1.04879523212223,0.988968815368331,1.110353744928,0.944181853737014,0.0476421074255852
32713,15,11.1200888984687,84,1.34891007949276,estimated,1155.94239411713,1094.25543210541,0.0101622423542125,1.05637345742304,0.99634637216338,1.1181315718037,0.966956792793005,0.0548417756263588
32714,12,8.44442124317597,84,1.42105653595826,estimated,1152.94239411713,1091.57976445012,0.00773596352569785,1.05621451740444,0.996119568317938,1.11804473840941,0.966405525750247,0.0546913061351071
32720,24,23.6065603214981,91,1.01666653985772,estimated,1164.94239411713,1106.74190352844,0.0213297790986654,1.05258722959991,0.993003424651878,1.11388253469409,0.957704120349718,0.0512511616198911
32724,36,27.4962768969507,112,1.30926816510174,estimated,1176.94239411713,1110.63162010389,0.0247573330339528,1.05970546202082,1.00002088179938,1.12109554935023,0.975041041822141,0.0579910034939691
32725,32,25.4560458482706,105,1.25706876043256,estimated,1172.94239411713,1108.59138905521,0.0229625145022687,1.05804754186009,0.998356283705514,1.11944744555011,0.971589450322104,0.0564252680220821
32726,10,12.8280761438274,70,0.779540118711548,estimated,1150.94239411713,1095.96341935077,0.0117048397029771,1.05016497247593,0.990363087234161,1.11169518867581,0.949211963086569,0.0489472684716505
32730,2,2.25420378928685,84,0.887231229716248,estimated,1142.94239411713,1085.38954699623,0.00207686152453307,1.05302506116829,0.99285388254562,1.11494140739742,0.957457530890319,0.0516670326485842
32732,4,2.1664456756026,112,1.8463421654399,estimated,1144.94239411713,1085.30178888255,0.00199616889771574,1.0549530147702,0.994723572296512,1.11692776615749,0.962809325030253,0.0534962301734386
32735,2,1.84880383263881,70,1.08178053544241,estimated,1142.94239411713,1084.98414703958,0.0017039915630872,1.05341851974122,0.993224858400005,1.11535800076374,0.958570114582362,0.0520406088327009
32736,3,3.0188275484533,91,0.993763291161515,estimated,1143.94239411713,1086.1541707554,0.00277937297460615,1.05320443903608,0.993048935262683,1.11510388196013,0.958036301849897,0.0518373634394105
32738,15,12.0091233639786,105,1.24905037156938,estimated,1155.94239411713,1095.14446657092,0.010965789200014,1.05551589712778,0.995537541646971,1.11722387648619,0.964907928554311,0.0540296494223605
32744,0,2.00275414839533,98,0,estimated,1140.94239411713,1085.13809735534,0.00184562144972734,1.05142598614665,0.9912943177638,1.11330322633588,0.95253232211456,0.05014732485453
32746,14,10.2859244900942,91,1.36108329528207,estimated,1154.94239411713,1093.42126769704,0.00940710117314472,1.05626479769291,0.99621828683103,1.11804365817398,0.966643352027425,0.0547389092412005
32750,18,12.3683670803302,91,1.45532549956622,estimated,1158.94239411713,1095.50371028727,0.0112901188413929,1.0579082327464,0.997870658233464,1.11967486422755,0.97053843616586,0.0562935931396814
32751,14,9.95855676390188,84,1.40582619870659,estimated,1154.94239411713,1093.09389997085,0.00911043119366734,1.05658113557119,0.996516641542697,1.11837849803556,0.967378771330896,0.0550383516905181
32754,3,5.86046608664519,105,0.511904677144432,estimated,1143.94239411713,1088.99580929359,0.00538153226727912,1.05045619492254,0.99045766163181,1.11219411670849,0.949646933642661,0.0492245411688787
32757,8,14.2783757980126,77,0.56028781656759,estimated,1148.94239411713,1097.41371900496,0.013010932477643,1.04695464820587,0.987284465888228,1.10835087719825,0.937444022496545,0.0458856150055115
32759,0,1.8701440105262,98,0,estimated,1140.94239411713,1085.00548721747,0.00172362631577306,1.05155449217415,0.991415474456274,1.11343929504343,0.952932631555128,0.0502695380933009
32763,21,17.7367955210341,84,1.1839793707435,estimated,1161.94239411713,1100.87213872798,0.0161115854394575,1.05547443089959,0.995651229787111,1.1170182574698,0.965172628856526,0.0539903633795577
32764,2,1.7020940984529,112,1.17502316811854,estimated,1142.94239411713,1084.8374373054,0.00156898539810784,1.0535609804876,0.99335917875986,1.11550883799538,0.958966956089553,0.0521758362960722
32765,19,16.5824884360629,112,1.1457870194367,estimated,1159.94239411713,1099.71783164301,0.0150788574659085,1.05476365003935,0.994929967208117,1.11631976418055,0.96327567238146,0.0533167134311948
32766,0,2.75012114412067,105,0,estimated,1140.94239411713,1085.88546435106,0.0025326070146488,1.05070233608751,0.990612053675672,1.11253698890577,0.950225626191932,0.0494588320731249
32767,0,0.873416576448115,77,0,estimated,1140.94239411713,1084.00875978339,0.000805728338046495,1.05252137846664,0.992327063955013,1.11446308334914,0.955856490538804,0.0511885984504334
32771,24,20.0775450464737,105,1.19536526723994,estimated,1164.94239411713,1103.21288825342,0.0181991574430027,1.05595430086159,0.996179896111793,1.11744568059401,0.966505834073615,0.0544449086483971
32773,16,9.37175941780585,112,1.70725680063883,estimated,1156.94239411713,1092.50710262475,0.00857821372079887,1.05897928840698,0.998829762987849,1.12086261319104,0.972627519360726,0.0573055087386698
32775,0,0.00941973715140898,77,0,estimated,1140.94239411713,1083.1447629441,8.69665576908224e-06,1.05336094781637,0.993118617841564,1.1153520620106,0.958272231982341,0.0519859548684365
32776,2,2.47243642094545,98,0.80891867756713,estimated,1142.94239411713,1085.60777962789,0.00227746748627107,1.05281337842742,0.992654295623247,1.11471727801842,0.956848797727829,0.0514659889810332
32778,13,12.9599217316443,77,1.00309247765423,estimated,1153.94239411713,1096.09526493859,0.0118237183812398,1.05277564006427,0.992901932414397,1.11437747105801,0.957498345218985,0.0514301430843922
32779,10,10.4291561285279,91,0.958850349612274,estimated,1150.94239411713,1093.56449933547,0.00953684591522991,1.05246868823606,0.992535617371911,1.1141338814467,0.956401622161247,0.0511385362373866
32780,27,25.0879388581339,105,1.07621435753165,estimated,1167.94239411713,1108.22328206508,0.0226379821324316,1.05388725631244,0.994305417350629,1.11517830790386,0.961498784406789,0.0524854769522427
32784,4,4.01575972925966,77,0.996075529831918,estimated,1144.94239411713,1087.1511029362,0.00369383769966641,1.05315847173851,0.993031483426084,1.11502780008167,0.957974652412933,0.0517937173067012
32789,17,14.2091184954141,84,1.19641482372651,estimated,1157.94239411713,1097.34446170236,0.0129486400955366,1.05522234314717,0.995311719636308,1.11685912310985,0.964306366646878,0.0537514965212549
32792,24,29.9872368454603,105,0.800340495647678,estimated,1164.94239411713,1113.1225800524,0.0269397435492222,1.04655355572994,0.987311298956618,1.10749750193405,0.93718482948953,0.0455024376383703
32796,22,16.8595900554731,105,1.30489531047988,estimated,1162.94239411713,1099.99493326242,0.0153269706483739,1.05722522799994,0.997328188023631,1.11884426566111,0.969288545854312,0.0556477664976487
32798,4,3.19295155977344,84,1.25275937486625,estimated,1144.94239411713,1086.32829476672,0.00293921420914394,1.05395615637813,0.993783626605136,1.11587234586726,0.960184441080009,0.0525508518897685
32801,20,13.9044861783909,77,1.43838468702873,estimated,1160.94239411713,1097.03982938533,0.0126745500080717,1.05824999514156,0.998244026278844,1.11998260006236,0.971362975431622,0.0566165958278859
32803,9,10.2295705218595,91,0.879802331952059,estimated,1149.94239411713,1093.3649137288,0.00935604425696506,1.05174620081358,0.991828616918652,1.11339622314681,0.954171905518347,0.0504518312296049
32804,6,8.44846214016193,77,0.710188422515082,estimated,1146.94239411713,1091.58380534711,0.00773963675420731,1.05071400702251,0.990778137609664,1.11238514136359,0.950711553258117,0.049469939757745
32805,14,10.9430005552586,77,1.27935660144624,estimated,1154.94239411713,1094.0783437622,0.0100020264706355,1.05563043149692,0.995619983066325,1.1173721891409,0.965126504211515,0.0541381538568482
32806,15,12.2761063848787,84,1.22188579421864,estimated,1155.94239411713,1095.41144959182,0.0112068450530192,1.05525863779118,0.995294900746707,1.11695157715457,0.964272896560672,0.053785891187063
32807,22,11.5145576326389,105,1.91062485437037,estimated,1162.94239411713,1094.64990083958,0.010518940917829,1.06238752063575,1.00219801124026,1.12430743600578,0.978992684527979,0.0605187532814988
32808,12,10.043168297713,77,1.19484207017945,estimated,1152.94239411713,1093.17851150466,0.00918712560850609,1.05466982929459,0.994662767613336,1.11640962510123,0.962592461602383,0.0532277599318455
32809,13,6.14694953547454,91,2.11487013598793,estimated,1153.94239411713,1089.28229274242,0.00564311893843307,1.05936027952123,0.999112088683468,1.12134740233932,0.973219203109242,0.0576652160529465
32810,13,7.99286569023647,84,1.62645045016581,estimated,1153.94239411713,1091.12820889718,0.00732532219867634,1.0575681067612,0.997421840800698,1.11945036286385,0.969529529276374,0.0559720334211681
32811,5,5.77095366956851,77,0.866407926018551,estimated,1145.94239411713,1088.90629687651,0.00529977068377902,1.05237925191931,0.992322588145895,1.11417544736354,0.955789220590979,0.0510535549757003
32812,9,10.161337122277,91,0.885710206412605,estimated,1149.94239411713,1093.29668032922,0.00929421748469694,1.05181184101909,0.99189051762644,1.11346571097272,0.954371730734848,0.0505142399715794
32814,0,0.319574863847331,91,0,estimated,1140.94239411713,1083.45491807079,0.000294959078146388,1.05305940753742,0.992834322827897,1.1150327758508,0.957417510237511,0.0516996489748908
32817,6,8.28084347763952,105,0.724563870359535,estimated,1146.94239411713,1091.41618668458,0.0075872463489793,1.05087537468289,0.990930300376085,1.11255598041828,0.951230977318971,0.0496235070169878
32818,7,8.74579960892575,84,0.800384220198228,estimated,1147.94239411713,1091.88114281587,0.00800984582110381,1.05134373065248,0.991397684984567,1.11302456880182,0.952785907979001,0.0500690894742616
32819,5,5.28726275175078,70,0.945668909369851,estimated,1145.94239411713,1088.42260595869,0.00485772963810661,1.05284692530598,0.992763572576762,1.11467058274735,0.957153606056102,0.0514978525047917
32820,4,1.19384968649822,105,3.35050554959956,estimated,1144.94239411713,1084.32919289344,0.00110100299274664,1.05589926160887,0.995615795952413,1.11792960164491,0.9651656205795,0.0543927845298449
32821,8,3.66940534442241,70,2.18018977166428,estimated,1148.94239411713,1086.80474855137,0.00337632435753844,1.05717461728852,0.996921957573701,1.11917017268263,0.968375299722985,0.0555998940845458
32822,23,15.6230880979076,105,1.47218013851438,estimated,1163.94239411713,1098.75843130485,0.014218856167824,1.05932510819041,0.999334512084372,1.12103963994523,0.973669186086954,0.0576320149641681
32824,6,4.89384504403526,98,1.22602982849098,estimated,1146.94239411713,1088.02918825098,0.00449789867485282,1.05414671453884,0.994015033222802,1.11601932993469,0.960829520597805,0.0527316382867362
32825,11,11.343115846446,105,0.969751182030507,estimated,1151.94239411713,1094.47845905339,0.0103639461815052,1.05250348655874,0.992594074704946,1.11414357441967,0.956572723748288,0.0511715992137983
32826,5,4.98470176945858,105,1.00306903627317,estimated,1145.94239411713,1088.1200449764,0.00458102191249191,1.05313967829899,0.993039618885337,1.11498052633124,0.957989823817694,0.0517758723121325
32827,1,1.05491248817834,105,0.947945930308245,estimated,1141.94239411713,1084.19025569512,0.000972995728966395,1.05326753133838,0.99305653767658,1.11522562295041,0.958077572738164,0.0518972667309937
32828,10,6.22702608238259,98,1.60590302139441,estimated,1150.94239411713,1089.36236928933,0.00571621184826216,1.0565285037962,0.996364245803742,1.11843156566146,0.967020652913378,0.0549885371669183
32829,3,2.12243143367456,105,1.41347322339931,estimated,1143.94239411713,1085.25777464062,0.0019556933691421,1.0540743598874,0.993869169153796,1.11602493022232,0.960437303425968,0.0526629978084211
32830,0,0.0147348072151183,56,0,estimated,1140.94239411713,1083.15007801416,1.36036616847528e-05,1.05335577892302,0.99311374456025,1.11534658892383,0.958257701311534,0.0519810478078065
32831,1,0.206047904517526,98,4.85324032943485,estimated,1141.94239411713,1083.34139111146,0.000190196651035488,1.05409283120397,0.99383465852687,1.11609947078996,0.960354306430426,0.0526805213868681
32832,4,1.4374508461618,98,2.7827038473563,estimated,1144.94239411713,1084.57279405311,0.00132536133493628,1.05566210068613,0.995392175035676,1.11767850835834,0.964587140231023,0.0541681536685576
32833,4,2.09732236155299,105,1.90719370246839,estimated,1144.94239411713,1085.2326655685,0.0019326015776113,1.05502020943809,0.994786930682286,1.11699890827402,0.962980933102984,0.0535599226100466
32835,8,4.6265391021179,77,1.72915430377273,estimated,1148.94239411713,1087.76188230906,0.00425326459527783,1.05624439760492,0.996044754874378,1.11818540242151,0.966235535681271,0.0547195956325036
32836,4,2.40696723336928,70,1.66184231531926,estimated,1144.94239411713,1085.54231044031,0.00221729472008602,1.05471927082485,0.994503173274885,1.11668029058363,0.962207182593026,0.0532746375138589
32837,10,8.12525161242064,77,1.23073111787868,estimated,1150.94239411713,1091.26059481936,0.00744574820257815,1.05469069402955,0.994631090535806,1.11648607678226,0.962518666748895,0.053247542927427
32839,10,5.85625541747916,77,1.70757579496158,estimated,1150.94239411713,1088.99159862442,0.00537768649902954,1.05688822170067,0.99670347948963,1.11881235979778,0.967846344129768,0.0553289507764099
32901,33,30.6579541958538,119,1.07639276219099,estimated,1173.94239411713,1113.7932974028,0.0275257125961735,1.05400382355918,0.994565662980876,1.11514264962984,0.962187932324949,0.0525960777778438
32903,8,8.60533483399995,119,0.92965586514911,estimated,1148.94239411713,1091.74067804094,0.00788221507825618,1.05239496633837,0.992414718273957,1.11411023017952,0.956045800216121,0.05106848714175
32904,27,25.4753387054866,126,1.0598485190772,estimated,1167.94239411713,1108.61068191243,0.0229795176260974,1.05351897936104,0.993957961049523,1.11478861302423,0.960507953295991,0.0521359696300063
32905,12,17.6833639207864,112,0.678603915734283,estimated,1152.94239411713,1100.81870712773,0.0160638294083193,1.04734992842319,0.987759343757666,1.10866122123052,0.939307901796469,0.0462630961287619
32907,21,19.2174989490198,119,1.09275406002149,estimated,1161.94239411713,1102.35284215596,0.0174331649668853,1.05405669553555,0.994313850199881,1.11551785514878,0.961564443413849,0.0526462395031845
32908,1,2.56812468108188,119,0.389389194133179,estimated,1141.94239411713,1085.70346788803,0.00236540156409148,1.05179952711997,0.991672453250675,1.11367126390082,0.953760529325907,0.050502532581796
32909,7,8.04604034125708,112,0.869993152297115,estimated,1147.94239411713,1091.1813835482,0.00737369649314738,1.05201794259389,0.992033454370366,1.11373833579684,0.954852875045717,0.0507101698676848
32920,5,5.51122527717537,119,0.907239270495329,estimated,1145.94239411713,1088.64656848412,0.00506245593080723,1.0526303276855,0.992559335643215,1.11444126641461,0.956526097324302,0.051292105688068
32922,11,9.52028874209749,119,1.15542714070839,estimated,1151.94239411713,1092.65563194904,0.00871298189816267,1.05425932968683,0.994249973718398,1.11600224886952,0.961455586382686,0.0528384632016056
32925,0,0.0316089831509332,21,0,estimated,1140.94239411713,1083.16695219009,2.91820047565353e-05,1.05333936916208,0.993098273283162,1.11532921343566,0.958211542791551,0.051965469131462
32926,17,10.9487011389534,112,1.55269559231252,estimated,1157.94239411713,1094.0840443459,0.0100071847272932,1.05836695096802,0.998277791230681,1.12018741117741,0.971441896867371,0.0567271078662544
32927,10,7.86226374366929,105,1.27189831402591,estimated,1150.94239411713,1090.99760695061,0.0072064903658631,1.05494493002058,0.994870849000011,1.11675520871431,0.963170509016851,0.053488566532985
32931,14,13.4746404209091,119,1.0389887642772,estimated,1154.94239411713,1096.60998362785,0.0122875412608699,1.05319339725168,0.993321489273819,1.11479261753292,0.958751115454706,0.0518268793948474
32934,8,8.65912794386989,119,0.923880563014834,estimated,1148.94239411713,1091.79447115081,0.00793109708161709,1.05234311445641,0.992365821640582,1.1140553375641,0.955892865646614,0.0510192155649671
32935,19,25.2157489929477,119,0.753497348237162,estimated,1159.94239411713,1108.35109219989,0.0227506871878465,1.04654779724612,0.987180175916161,1.10762443338077,0.93674941728226,0.0454969352924745
32937,10,17.862014214698,119,0.5598472758896,estimated,1150.94239411713,1100.99735742164,0.0162234850922149,1.04536344829424,0.985834986948355,1.10661233838943,0.931120099471798,0.0443646223600297
32940,28,20.1902626789712,119,1.38680711812446,estimated,1168.94239411713,1103.32560588592,0.0182994598976605,1.05947182579754,0.999599516117627,1.12106093541381,0.974204442516226,0.057770506392978
32948,0,1.61384299310362,126,0,estimated,1140.94239411713,1084.74918620005,0.00148775681386499,1.05180295005699,0.991649722887178,1.11370237486667,0.953698743650956,0.0505057869390848
32949,1,1.04196226736442,112,0.959727651683047,estimated,1141.94239411713,1084.17730547431,0.000961062606737172,1.05328011234985,0.993068399483112,1.11523894403545,0.958113075885787,0.0519092114040703
32950,2,2.20911958357714,112,0.905338042751619,estimated,1142.94239411713,1085.34446279052,0.00203540871982457,1.05306880285594,0.992895124778124,1.11498772103285,0.957582428304919,0.051708570861477
32951,12,7.35452542391148,112,1.63164844885638,estimated,1152.94239411713,1090.48986863086,0.00674424002961652,1.05727015654413,0.997115145245544,1.11916217408781,0.968818870944954,0.0556902622576582
32952,24,16.402750430715,119,1.46316924721715,estimated,1164.94239411713,1099.53809363766,0.014917855530088,1.05948343295965,0.999509254630376,1.12118032461791,0.974023917744852,0.0577814619448279
32953,17,17.9663448132867,119,0.946213610874706,estimated,1157.94239411713,1101.10168802023,0.0163166990013338,1.05162166829396,0.991915474377409,1.11304812859739,0.954360404425717,0.0503334187335419
32955,18,20.6143846502376,119,0.873176682467335,estimated,1158.94239411713,1103.74972785718,0.0186766837897739,1.05000469297247,0.990415653921696,1.11130987135826,0.94927836603937,0.0487946336570388
32958,20,19.4230455242737,112,1.02970463488876,estimated,1160.94239411713,1102.55838873122,0.0176163418851903,1.05295320953759,0.993247584406017,1.11437682851505,0.958477958254021,0.0515987967776558
32959,0,0.010292113800846,84,0,estimated,1140.94239411713,1083.14563532074,9.50205906318246e-06,1.05336009942862,0.993117817973602,1.11535116369456,0.958269847302307,0.0519851494578137
32960,28,24.9365449170918,105,1.12285002164869,estimated,1168.94239411713,1108.07188812404,0.0225044468543547,1.05493371562395,0.995317861218308,1.11625901627604,0.96426307002501,0.0534779361617518
32962,17,14.3900794724058,119,1.18136943111391,estimated,1157.94239411713,1097.52542267935,0.0131113860098801,1.05504835713991,0.995147611746436,1.11667497437497,0.963871392569962,0.053586602029158
32963,24,14.1719091931755,133,1.69349095262036,estimated,1164.94239411713,1097.30725240012,0.0129151695317583,1.06163737783476,1.00154127114868,1.12345970015052,0.977864106263209,0.0598124123787035
32966,29,30.1362174158137,126,0.962297278383135,estimated,1169.94239411713,1113.27156062276,0.027069960719158,1.05090477067668,0.991541616478109,1.11196938703113,0.952991304080349,0.0496514794896181
32967,10,10.890530610491,112,0.918228905244238,estimated,1150.94239411713,1094.02587381743,0.00995454574807281,1.05202483932221,0.992117043536269,1.11366402698101,0.955085832377919,0.0507167255597881
32968,6,5.63521965356813,126,1.06473223207917,estimated,1146.94239411713,1088.77056286051,0.00517576415618989,1.05342891628498,0.993338180328112,1.11525940087049,0.95887027476951,0.0520504781223073
32970,0,0.167064621476703,105,0,estimated,1140.94239411713,1083.30240782842,0.000154217899147477,1.05320766008843,0.992974096728623,1.11518975318018,0.957839528318365,0.0518404217700713
32976,11,12.7667729721804,112,0.861611624485665,estimated,1151.94239411713,1095.90211617912,0.0116495559080512,1.05113620743191,0.991304622292588,1.11269622030346,0.952425825196629,0.0498716814348466
33001,0,0.0863279491740802,63,0,estimated,1140.94239411713,1083.22167115612,7.96955521411815e-05,1.05328615970119,0.993048106902521,1.11527287255644,0.958061580522373,0.0519149528340212
33004,7,6.98653254666148,63,1.00192763051608,estimated,1147.94239411713,1090.12187575361,0.00640894628578265,1.05304041653467,0.992997628377679,1.11482079682635,0.95784482520766,0.0516816146893982
33009,26,29.8649079620503,63,0.870586978973399,estimated,1166.94239411713,1113.00025116899,0.0268327953481438,1.04846552630288,0.989165182434937,1.10946774681294,0.944564502943532,0.0473276917567206
33010,22,24.8854853399938,70,0.884049464956325,estimated,1162.94239411713,1108.02082854694,0.0224594021148761,1.04956726819136,0.990104089527328,1.11073997133331,0.948107304855927,0.0483779536903229
33012,41,39.2101869411715,77,1.04564663416458,estimated,1181.94239411713,1122.34553014812,0.0349359318390986,1.05310028183669,0.993911497016286,1.11397677383941,0.960266974427304,0.0517384630301429
33013,8,16.8604294017891,70,0.474483763690568,estimated,1148.94239411713,1099.99577260873,0.0153277219982429,1.04449709965005,0.98496698297004,1.10574921140281,0.927190654996528,0.0435355252275215
33014,9,11.934743914315,70,0.754100805565256,estimated,1149.94239411713,1095.07008712126,0.0108986119287482,1.05010848861749,0.990284204567939,1.11166251346256,0.948948831670436,0.048893481324882
33015,11,7.3543365125743,63,1.49571616435996,estimated,1151.94239411713,1090.48967971952,0.00674406796262931,1.05635332047656,0.996224772735142,1.11821887466988,0.966671895537342,0.0548227131080175
33016,14,11.6489456091666,77,1.20182551019754,estimated,1154.94239411713,1094.78428881611,0.0106404026146225,1.05494973385677,0.994977981706059,1.11665167882818,0.963434932555932,0.0534931201595501
33018,9,8.47750986987919,70,1.0616325003616,estimated,1149.94239411713,1091.61285307682,0.00776604072220702,1.05343427468438,0.993420521858497,1.11518324654722,0.959087217909176,0.0520555647358372
33019,22,11.250930361644,63,1.95539384680587,estimated,1162.94239411713,1094.38627356859,0.010280584317781,1.06264343971073,1.00243943123344,1.12457827100095,0.979395714881709,0.0607596147851609
33020,25,16.9774595199561,63,1.47254069259384,estimated,1165.94239411713,1100.1128027269,0.0154324715409849,1.0598389467217,0.999870003850438,1.1215297030518,0.974744432220979,0.0581169595253698
33021,22,28.9343640114021,63,0.760341578316031,estimated,1162.94239411713,1112.06970721835,0.0260184805175356,1.04574595150697,0.986499269339762,1.10669593403041,0.933747532813884,0.0447304599551727
33022,0,0.0175517636149812,63,0,estimated,1140.94239411713,1083.15289497056,1.62043269204929e-05,1.05335303946,0.993111161768724,1.11534368824127,0.958249998498022,0.0519784471038097
33023,15,14.7752310525568,63,1.01521255042602,estimated,1155.94239411713,1097.9105742595,0.0134575906261967,1.05285659981622,0.993029355540761,1.1144091103048,0.95786628475124,0.0515070413674468
33024,22,16.6257527739169,63,1.32324835447538,estimated,1162.94239411713,1099.76109598086,0.0151176040275262,1.05745002107019,0.997540245454249,1.11908216051166,0.969779029626401,0.0558603694220896
33025,4,8.70019834686155,63,0.459759633117207,estimated,1144.94239411713,1091.83554155381,0.00796841467029017,1.04863997419222,0.988770956219912,1.11024385681584,0.943465190935765,0.0474940619175985
33026,7,8.06018646241249,63,0.868466261003202,estimated,1147.94239411713,1091.19552966936,0.00738656477529267,1.05200430436603,0.992020593773842,1.11372389743359,0.954811814414452,0.0506972059098371
33027,16,19.250413807909,63,0.831150964319866,estimated,1156.94239411713,1102.38575701485,0.0174625022914276,1.04948960629718,0.989879090357766,1.11081838474918,0.947388496051239,0.0483039567489734
33028,5,2.14458745351526,70,2.33145073743873,estimated,1145.94239411713,1085.27993066046,0.00197606847130228,1.05589568344801,0.995638345682191,1.11789836537476,0.965218543614885,0.0543893957909196
33029,2,4.27828674289233,70,0.467476847671015,estimated,1142.94239411713,1087.41362994984,0.00393436924557373,1.05106498818656,0.991005810603415,1.11286608496736,0.951540894856001,0.04980392460403
33030,11,9.02105728640117,84,1.21936926579349,estimated,1151.94239411713,1092.15640049335,0.00825985846196223,1.05474123815672,0.994704451539964,1.11651238041022,0.962712759440171,0.0532954649545914
33031,2,2.49869204592032,91,0.800418764395339,estimated,1142.94239411713,1085.63403525286,0.00230159700670984,1.05278791655691,0.992630288676091,1.11469031902685,0.956775094656796,0.0514418040885021
33032,5,6.21369212554259,84,0.804674563685982,estimated,1145.94239411713,1089.34903533249,0.00570404151837897,1.0519515388999,0.991919283643615,1.1137226188382,0.954510223583637,0.0506470475699576
33033,9,8.7656059572646,84,1.02674019843901,estimated,1149.94239411713,1091.90094916421,0.00802783985486431,1.05315632795937,0.993158409653452,1.11488900746785,0.958309345947358,0.0517916817333471
33034,4,4.52889611076953,119,0.88321743360113,estimated,1144.94239411713,1087.66423931771,0.00416387332326976,1.05266161442924,0.9925629927249,1.11450175416609,0.956547576252188,0.0513218276882473
33035,1,2.58074568181073,84,0.387484906803514,estimated,1141.94239411713,1085.71608888875,0.00237699865390422,1.05178730038525,0.991660925468335,1.11365831793274,0.953723093438336,0.0504909079276018
33036,0,0.810525822627524,63,0,estimated,1140.94239411713,1083.94586902957,0.000747754888676467,1.0525824459653,0.992384638967633,1.11452774471777,0.956036012231116,0.0512466169652143
33037,5,3.30255875982681,70,1.51397760452329,estimated,1145.94239411713,1086.43790196677,0.00303980444151314,1.05477026532546,0.994577152369922,1.11670686218058,0.962403611007427,0.0533229852299759
33040,8,10.0679703892461,91,0.794599079129699,estimated,1148.94239411713,1093.20331359619,0.00920960471307627,1.05098692972086,0.991086931361455,1.11261962251774,0.951734435774356,0.049729655776441
33042,2,1.24389715729217,98,1.60784996434414,estimated,1142.94239411713,1084.37924036424,0.00114710528474739,1.0540061553864,0.993778915804096,1.11598018853251,0.960186766374698,0.0525982901271641
33043,0,0.83674352442612,91,0,estimated,1140.94239411713,1083.97208673137,0.000771923497540654,1.05255698747516,0.992360636463461,1.11450078797561,0.955961244632264,0.0512224299781282
33050,1,2.06153832475035,84,0.48507465905156,estimated,1141.94239411713,1085.19688153169,0.00189969060898941,1.05229052308494,0.992135380986016,1.11419114253053,0.955243408357593,0.0509692388179088
33051,1,0.176232357195666,56,5.67432687114163,estimated,1141.94239411713,1083.31157556414,0.000162679289293011,1.05412184257559,0.993862011437113,1.11613018874529,0.960432430711563,0.0527080436045766
33054,9,7.42574948924463,70,1.2119988713645,estimated,1149.94239411713,1090.56109269619,0.00680910912646442,1.05445022916977,0.994378597800502,1.11625875305825,0.961828718283509,0.0530195213114478
33055,9,8.84869627120838,70,1.01709898544986,estimated,1149.94239411713,1091.98403947815,0.00810332015057389,1.05307619209039,0.993082839094661,1.11480417428871,0.958082811954659,0.0517155876950474
33056,4,5.21981615823888,70,0.76631051338589,estimated,1144.94239411713,1088.35515936518,0.00479605955218102,1.05199335369987,0.991932884378237,1.11379423548685,0.954565293912377,0.0506867965197694
33060,16,18.6100818374632,70,0.859749040318082,estimated,1156.94239411713,1101.74542504441,0.0168914537010337,1.05009956730295,0.990454405865345,1.11146398990347,0.949444317003075,0.0488849856765366
33062,22,21.2157573463018,70,1.0369651029137,estimated,1162.94239411713,1104.35110055325,0.0192110618947845,1.05305495103372,0.993394177880739,1.11443092936692,0.958897979276362,0.0516954170074447
33063,21,25.2104031023189,56,0.832989457358911,estimated,1161.94239411713,1108.34574630926,0.0227459736154249,1.04835733613482,0.988937524606186,1.1094861708937,0.943785163004801,0.0472244973762179
33064,14,20.734591167199,70,0.675200195031926,estimated,1154.94239411713,1103.86993437414,0.0187835455260903,1.04626673682525,0.986788595440228,1.1074608302964,0.935204290765268,0.0452283396591849
33065,16,14.6071199077508,70,1.09535624414982,estimated,1156.94239411713,1097.74246311469,0.0133065089477409,1.0539287975018,0.994066137590239,1.11551698793108,0.960900054119483,0.0525248932848854
33066,16,15.4015097601802,56,1.03885919297127,estimated,1156.94239411713,1098.53685296712,0.0140200210112033,1.05316666527141,0.993347294112014,1.11471031915794,0.958810383768179,0.0518014972384401
33067,1,3.31144621754908,70,0.301982860147472,estimated,1141.94239411713,1086.44678942449,0.00304795987229453,1.05107991043173,0.990993974103056,1.11290931601432,0.951514420742208,0.0498181217653892
33068,5,7.58976019061353,56,0.65878234284446,estimated,1145.94239411713,1090.72510339756,0.00695845375427024,1.0506243878935,0.990667869840908,1.1123175369121,0.950346546973387,0.0493846425687937
33069,18,14.7729625310261,63,1.21844213455469,estimated,1158.94239411713,1097.90830573797,0.0134555522112535,1.05559124387727,0.995685161291114,1.1172225965193,0.965274977604936,0.0541010306877256
33070,0,1.54521987127904,63,0,estimated,1140.94239411713,1084.68056307822,0.00142458519482809,1.0518694931522,0.991712460343768,1.11377283407498,0.953902177824872,0.0505690506809693
33071,9,5.53148270135186,63,1.62705019357657,estimated,1149.94239411713,1088.6668259083,0.00508096928253219,1.0562849595033,0.996108804239771,1.1182010294575,0.966391488837032,0.0547579968961331
33073,3,4.53577794740187,63,0.661408039544445,estimated,1143.94239411713,1087.67112115435,0.00417017410794915,1.05173555854187,0.99166395229382,1.11354867170796,0.953708886388788,0.0504417125093882
33076,1,4.3233833002805,70,0.231300333684298,estimated,1141.94239411713,1087.45872650722,0.00397567576120028,1.0501018257354,0.990071802505445,1.11187369583017,0.948319110263353,0.048887136358337
33109,0,0.0574050556549279,63,0,estimated,1140.94239411713,1083.1927482626,5.29961594988551e-05,1.05331428404332,0.993074622797039,1.11530265203806,0.958140899885415,0.0519416539981768
33122,0,0.05587528413555,77,0,estimated,1140.94239411713,1083.19121849108,5.15839522899624e-05,1.05331577162018,0.993076025298508,1.11530422715998,0.958145091850151,0.0519430662792341
33125,27,25.8935302977058,77,1.04273151206393,estimated,1167.94239411713,1109.02887350465,0.0233479316150529,1.05312171938888,0.993583160291616,1.1143682495547,0.959415458704748,0.0517588194333885
33126,20,23.6318117808798,84,0.846316828580267,estimated,1160.94239411713,1106.76715498782,0.0213521079609015,1.04894908462467,0.989470505461395,1.11013912452116,0.945819131823586,0.0477887911767841
33127,8,8.13283634360503,70,0.983666664618245,estimated,1148.94239411713,1091.26817955055,0.00745264683421322,1.05285063346238,0.992844415084527,1.11459261884598,0.957371031173344,0.0515013745266364
33128,3,5.23321254516495,70,0.573261638832489,estimated,1143.94239411713,1088.36855575211,0.00480830920510064,1.05106159863891,0.991028486719196,1.11283510150618,0.951603972456027,0.0498006997291103
33129,5,7.09185713422972,77,0.705033943206059,estimated,1145.94239411713,1090.22720034117,0.00650493505574839,1.05110420448006,0.991120304489485,1.1128255285501,0.95188647221272,0.0498412349153392
33130,6,11.0506903588031,70,0.542952503887717,estimated,1146.94239411713,1094.18603356575,0.0100994620839666,1.04821516536769,0.988421837356316,1.10973963144475,0.9420754993174,0.0470888752908905
33131,1,1.03847073949384,70,0.962954430942763,estimated,1141.94239411713,1084.17381394644,0.000957845251504243,1.05328350438609,0.993071597610524,1.11524253560702,0.95812264382195,0.0519124318491721
33132,6,2.11157314021853,70,2.84148338777366,estimated,1146.94239411713,1085.24691634716,0.00194570756978134,1.05684925415649,0.996563411897967,1.11888049376665,0.967522328356584,0.0552920800253132
33133,17,14.0331721676086,84,1.21141533766966,estimated,1157.94239411713,1097.16851537455,0.01279035259485,1.05539156281917,0.995471331801292,1.1170382271022,0.964725207952432,0.0539118476606832
33134,24,25.194024943893,84,0.952606820603213,estimated,1164.94239411713,1108.32936815084,0.022731532401715,1.05107960466729,0.99158114184331,1.11228711624887,0.953183463713775,0.0498178308603167
33135,18,21.6485082497143,77,0.831466066500796,estimated,1158.94239411713,1104.78385145666,0.0195952431972741,1.04902184494195,0.989488583708223,1.11026963913294,0.945920579734697,0.0478581537368424
33136,4,4.6027639278045,70,0.869043049511337,estimated,1144.94239411713,1087.73810713475,0.00423150011718245,1.05259012864141,0.992495588208076,1.11442606884154,0.956338997321607,0.0512539158215675
33137,12,10.7599032263878,70,1.11525166607177,estimated,1152.94239411713,1093.89524643333,0.00983631957581925,1.05397879538861,0.994011051144026,1.1156781384478,0.960773126674975,0.0525723316896732
33138,5,8.01431597928367,63,0.623883561981407,estimated,1145.94239411713,1091.14965918623,0.00734483662420854,1.0502156000963,0.990282410545523,1.11188474490675,0.949003014940773,0.0489954765164527
33139,55,37.9784303099487,70,1.44819044787094,estimated,1195.94239411713,1121.11377351689,0.0338756254780563,1.06674489455741,1.007136144288,1.12804320748028,0.986129790048086,0.0646118570959914
33140,23,15.4708796442326,70,1.48666401193123,estimated,1163.94239411713,1098.60622285118,0.0140822792757185,1.05947187436859,0.999472966753229,1.12119495647863,0.973950934740851,0.0577705522375611
33141,25,17.0296094173379,63,1.46803132046865,estimated,1165.94239411713,1100.16495262428,0.0154791419020541,1.05978870835319,0.999822608123123,1.12147654042488,0.974650699908489,0.0580695565124867
33142,30,20.0425952645597,77,1.49681214453537,estimated,1170.94239411713,1103.1779384715,0.0181680530090454,1.06142658702867,1.0014943170566,1.12307588692224,0.977788146612592,0.0596138401168452
33143,12,11.0438894978694,77,1.08657371140078,estimated,1152.94239411713,1094.17923270481,0.010093309366299,1.05370524284861,0.993753062796424,1.1153885722915,0.960032856347251,0.052312755266856
33144,26,18.3546507408445,77,1.4165347173914,estimated,1166.94239411713,1101.48999394779,0.0166634747856952,1.05942169291503,0.999501677316094,1.12106136928306,0.974007713611402,0.0577231865233566
33145,19,19.1212665679161,77,0.993658026392477,estimated,1159.94239411713,1102.25660977486,0.017347382087209,1.05233426030809,0.992638389710579,1.11374859501692,0.956629735089903,0.0510108017829587
33146,2,5.00232603743117,77,0.399814003532456,estimated,1142.94239411713,1088.13766924438,0.00459714444120374,1.05036561679812,0.99034640217719,1.11212559155568,0.9492730538503,0.0491383100340231
33147,18,14.7314958916202,70,1.22187184060778,estimated,1158.94239411713,1097.86683909856,0.0134182902397489,1.0556311137594,0.995722768509107,1.11726479422935,0.96537181954046,0.0541388001647219
33149,1,3.1531208901988,77,0.31714610217084,estimated,1141.94239411713,1086.28846409714,0.00290265522870989,1.0512331041518,0.991138410365189,1.11307152130103,0.951999920195783,0.0499638600253763
33150,12,6.82434172424163,63,1.7584113581788,estimated,1152.94239411713,1089.95968493119,0.00626109554196262,1.05778443923816,0.997600167034893,1.11970656260987,0.969940499048659,0.0561765690463228
33154,10,10.8595054736476,63,0.920852245460596,estimated,1150.94239411713,1093.99484868059,0.00992646856312408,1.05205467421096,0.992145179470435,1.11369560992573,0.955175292099213,0.0507450846484626
33155,25,24.8499376016455,77,1.00603874346729,estimated,1165.94239411713,1107.98528080859,0.0224280394623207,1.0523085588883,0.992765708490028,1.11356098888369,0.956964983381505,0.0509863782374896
33156,11,9.0090968511344,70,1.22098809478499,estimated,1151.94239411713,1092.14444005808,0.00824899758740274,1.05475278897714,0.994715344877664,1.11652460770686,0.962742467186378,0.0533064162256293
33157,13,21.9863345241017,70,0.591276366951901,estimated,1153.94239411713,1105.12167773105,0.0198949445722958,1.04417677923604,0.984792108052973,1.10527545879721,0.926208047195904,0.0432288038961023
33158,2,1.91144001721065,70,1.04633155212403,estimated,1142.94239411713,1085.04678322415,0.00176161991055438,1.05335770935235,0.993167522793362,1.11529361481221,0.95839975355173,0.0519828804531504
33160,39,27.7070754370848,63,1.40758269809307,estimated,1179.94239411713,1110.84241864403,0.0249423995447581,1.06220502054418,1.00245466456723,1.12366056024931,0.979451091937328,0.0603469555476038
33161,25,22.2262220878287,63,1.12479754324466,estimated,1165.94239411713,1105.36156529477,0.0201076487419766,1.05480634637971,0.995122163493288,1.11620416676669,0.963757907637791,0.0533571921452826
33162,13,14.8848202772874,56,0.873372990592069,estimated,1153.94239411713,1098.02016348423,0.0135560536794288,1.05093005801956,0.991161312752545,1.11242389712133,0.951919347351498,0.0496755416495317
33165,33,33.4905533315879,77,0.985352486513707,estimated,1173.94239411713,1116.62589653853,0.0299926353449319,1.05133008087693,0.992042699966922,1.11231381311856,0.954591694106871,0.0500561062188706
33166,13,11.2316148425374,77,1.15744709752379,estimated,1153.94239411713,1094.36695804948,0.0102631158222794,1.05443826280522,0.994469998077726,1.1161373800594,0.962055066907389,0.0530081728076335
33167,4,4.41202703609472,70,0.90661275809873,estimated,1144.94239411713,1087.54737024304,0.00405685964291261,1.052774734641,0.992669654670568,1.11462151978945,0.956875952354514,0.0514292830496232
33168,3,5.54350589855117,63,0.541173772500913,estimated,1143.94239411713,1088.67884910549,0.00509195701111117,1.05076202688887,0.990746025502375,1.11251792317972,0.950643499752772,0.0495156408417429
33169,6,8.47655544457472,63,0.707834690545227,estimated,1146.94239411713,1091.61189865152,0.00776517318567699,1.05068696625052,0.990752639324184,1.11235651344698,0.9506240710944,0.0494442038107908
33170,0,4.0456037791666,91,0,estimated,1140.94239411713,1087.18094698611,0.00372118715875388,1.04945032129202,0.989431642340133,1.11121129206205,0.946018934130988,0.0482665235622034
33172,8,9.63155244386608,77,0.830603378492203,estimated,1148.94239411713,1092.76689565081,0.00881391308814302,1.05140666201538,0.9914827414139,1.11306396903993,0.953054465844686,0.0501289457112554
33173,15,16.2310904344704,77,0.924152327322636,estimated,1155.94239411713,1099.36643364141,0.0147640403943464,1.05146233207096,0.991714315296181,1.11293333033838,0.953729717980351,0.0501818924765954
33174,8,14.7258122578011,77,0.543263750749092,estimated,1148.94239411713,1097.86115546475,0.0134131827002909,1.04652795883899,0.986882095275129,1.10789916562231,0.935751629087851,0.0454779790678093
33175,19,20.9165577402133,77,0.908371264334352,estimated,1159.94239411713,1104.05190094716,0.018945266723665,1.05062306683411,0.991024267279557,1.11193753611736,0.951375430968756,0.0493833851639268
33176,11,17.5880193828821,77,0.625425737858009,estimated,1151.94239411713,1100.72336258983,0.0159786009642789,1.04653215627839,0.98696263772628,1.10782253192665,0.936020471905582,0.0454819898837179
33177,17,10.3639944141175,70,1.64029420711026,estimated,1157.94239411713,1093.49933762106,0.00947782413537138,1.05893287199997,0.998811581894932,1.1207863883234,0.972588093930744,0.0572616765081447
33178,2,3.49081449593149,98,0.572932191707975,estimated,1142.94239411713,1086.62615770288,0.00321252573498788,1.05182668944148,0.991723987289017,1.11367257315126,0.953915685746533,0.050528356866836
33179,20,18.975382661331,63,1.05399718977774,estimated,1160.94239411713,1102.11072586827,0.0172173105804606,1.05338090526477,0.993651028494537,1.11482947370735,0.959671889320368,0.0520049011369274
33180,16,14.6561822628076,63,1.09168948045922,estimated,1156.94239411713,1097.79152546975,0.0133506061239962,1.05388169545403,0.99402171091663,1.11546713339197,0.960773515268372,0.0524802004171639
33181,6,6.71590599278863,63,0.89340142736403,estimated,1146.94239411713,1089.85124919973,0.00616222259479911,1.05238434599155,0.992353195448299,1.11415352004493,0.955874473205855,0.0510583954929361
33182,2,3.08879766769814,77,0.64750113641806,estimated,1142.94239411713,1086.22414087464,0.00284360985128815,1.05221597560594,0.992091029151603,1.11408474877754,0.955091927484541,0.0508983932499994
33183,9,9.99924890783419,77,0.90006760337256,estimated,1149.94239411713,1093.13459211478,0.00914731724708267,1.05196780196339,0.992037593534645,1.11363081385231,0.954843640188635,0.0506625073484529
33184,12,7.18871230874934,77,1.66928366091308,estimated,1152.94239411713,1090.32405551569,0.00659318876106909,1.05743094292442,0.997266783437485,1.11933237281498,0.969173278716372,0.0558423276068803
33185,1,5.27003044431203,84,0.189752224501721,estimated,1141.94239411713,1088.40537365126,0.0048419739298353,1.0491884933334,0.989210681578521,1.11090663697126,0.945182455471691,0.0480170018644679
33186,16,13.4005867704494,77,1.19397756785418,estimated,1156.94239411713,1096.53592997739,0.0122208369138671,1.05508844944186,0.995159921845623,1.1167444061801,0.963909829351866,0.0536246017473066
33187,3,4.5972026569544,91,0.652570753099553,estimated,1143.94239411713,1087.7325458639,0.00422640903265721,1.05167616659718,0.991607952617728,1.11348578915104,0.953526468533042,0.0503852404986987
33189,2,4.9400383172595,70,0.404855159323846,estimated,1142.94239411713,1088.0753815242,0.00454016183174678,1.05042574579352,0.990403095326046,1.11218925604881,0.949471376011324,0.0491955541721067
33190,1,0.815244985526476,70,1.22662514673943,estimated,1141.94239411713,1083.95058819247,0.000752105302960284,1.05350041464654,0.993276107999221,1.11547220553716,0.958730734355681,0.0521183478515341
33193,10,8.5334781619365,84,1.1718551111556,estimated,1150.94239411713,1091.66882136888,0.00781691113174423,1.05429629534892,0.994259150978513,1.11606856988842,0.961488413500901,0.0528735257455178
33194,0,0.666376600183566,98,0,estimated,1140.94239411713,1083.80171980713,0.00061485102671931,1.05272244292081,0.992516629415201,1.11467598060341,0.956445291302681,0.0513796114368944
33196,9,7.21195543254987,91,1.24792784483666,estimated,1149.94239411713,1090.34729863949,0.00661436538756849,1.05465698456996,0.99457357442362,1.11647762780342,0.962367454014691,0.05321558095176
33301,3,3.33483301132784,49,0.899595269031322,estimated,1143.94239411713,1086.47017621827,0.0030694197450827,1.05289810908469,0.992760101850304,1.11477954823604,0.957162595145145,0.0515464659673803
33304,4,5.14723428801193,49,0.777116365057664,estimated,1144.94239411713,1088.28257749496,0.00472968546446824,1.0520635152982,0.99199904030628,1.11386851883047,0.954776854178257,0.0507534882517234
33305,2,3.9243745073235,49,0.509635356224969,estimated,1142.94239411713,1087.05971771427,0.00361008180449845,1.05140718167753,0.991328450727207,1.11322839893927,0.952619887286547,0.0501294399653232
33306,1,1.55844883006935,49,0.641663672688887,estimated,1141.94239411713,1084.69379203701,0.00143676385124565,1.05277858368914,0.992595541163146,1.1147079131279,0.956678353215219,0.0514329391414535
33308,26,25.249179408085,70,1.02973643538192,estimated,1166.94239411713,1108.38452261503,0.0227801623830998,1.05283172969968,0.993284436975213,1.11408798631844,0.958535615552066,0.0514834195273144
33309,9,10.5038018925616,63,0.85683261090191,estimated,1149.94239411713,1093.63914509951,0.00960444945632037,1.05148247415056,0.991579914664039,1.11311703766431,0.953361786373478,0.0502010485472112
33311,19,16.69770152182,56,1.1378811613785,estimated,1159.94239411713,1099.83304472876,0.0151820329474988,1.05465315820111,0.994825743251415,1.11620282402737,0.962993044752815,0.0532119528756651
33312,8,8.95423755361434,56,0.893431735767479,estimated,1148.94239411713,1092.08958076056,0.00819917863091266,1.0520587453247,0.992097659856505,1.1137542922637,0.955046307497988,0.0507489543198405
33313,21,19.4038685465653,56,1.08225841406853,estimated,1161.94239411713,1102.53921175351,0.0175992548289551,1.05387852126288,0.994145774661052,1.11532929168409,0.961089685728886,0.0524771885080041
33314,3,4.17335840758181,56,0.718845521283254,estimated,1143.94239411713,1087.30870161453,0.00383824612217751,1.05208612091351,0.99199449171902,1.1139198375016,0.954773656797704,0.0507749749510717
33315,3,3.35142980208146,49,0.895140336263884,estimated,1143.94239411713,1086.48677300903,0.00308464850685635,1.05288202538259,0.992744936795295,1.11476251925477,0.957116308969479,0.0515311902015537
33316,5,6.6350588474096,56,0.753572819019089,estimated,1145.94239411713,1089.77040205435,0.00608849243372887,1.05154479508426,0.991535751684848,1.11329199083795,0.953265827504557,0.050260316379469
33317,14,11.7564248310358,63,1.19083821835371,estimated,1154.94239411713,1094.89176803798,0.0107375223508192,1.05484617551446,0.994880310445417,1.11654206356113,0.963171665521347,0.053394951097858
33319,24,29.2740585517234,56,0.819838491393163,estimated,1164.94239411713,1112.40940175867,0.0263159035742079,1.0472245130933,0.987944275436737,1.10820753115306,0.939801207203317,0.0461433435646636
33321,36,29.9225013937827,56,1.20310797303464,estimated,1176.94239411713,1113.05784460073,0.0268831503582066,1.05739553413715,0.997841053345241,1.11865180440174,0.970433672699758,0.0558088413727602
33322,40,32.2303695266994,63,1.24106551018177,estimated,1180.94239411713,1115.36571273364,0.0288966830867574,1.05879388314956,0.999260266244073,1.12002576860769,0.973505760810183,0.0571304142003257
33323,2,2.75768395212166,63,0.725246269958264,estimated,1142.94239411713,1085.89302715907,0.00253955397368779,1.05253682041529,0.992393540484337,1.11442445879631,0.95604267390125,0.051203269729974
33324,19,16.3512717949316,70,1.1619891246557,estimated,1159.94239411713,1099.48661500188,0.0148717333815871,1.05498546166035,0.995139196099165,1.11655452075037,0.963837599470359,0.0535269864163519
33325,1,4.4422170206568,70,0.225112819871224,estimated,1141.94239411713,1087.5775602276,0.00408450595443249,1.04998708678593,0.989963622712083,1.11175220740241,0.947933275724454,0.048777865794697
33326,5,3.98993649400293,63,1.25315277762321,estimated,1145.94239411713,1087.12527970095,0.00367017175343444,1.05410334532223,0.993948291830824,1.11600078032691,0.96064747702735,0.052690495902876
33327,0,1.39349686920631,77,0,estimated,1140.94239411713,1084.52884007615,0.0012848868722647,1.05201664718941,0.991851198555346,1.11392864824217,0.954349444693353,0.0507089385148498
33328,8,6.2213422433163,70,1.28589614380957,estimated,1148.94239411713,1089.35668545026,0.00571102406255932,1.05469807039578,0.99458655911071,1.11654839443685,0.962409669771098,0.0532545367697736
33330,1,2.30568048589135,70,0.4337114383884,estimated,1141.94239411713,1085.44102369284,0.00212418771316296,1.05205383727996,0.991912225539731,1.11394053376642,0.954533549416154,0.0507442891276973
33331,2,2.74031283398504,70,0.729843678866236,estimated,1142.94239411713,1085.87565604093,0.00252359726340688,1.05255365820085,0.992409416137626,1.11444228661924,0.956092106315122,0.0512192669383982
33332,0,0.937734834250701,70,0,estimated,1140.94239411713,1084.07307804119,0.000865010720444316,1.05245893217706,0.992268189005329,1.11439696204666,0.955672290498385,0.0511292665039179
33334,13,10.9144680815453,63,1.19107957464103,estimated,1153.94239411713,1094.04981128849,0.00997620763600427,1.05474392684014,0.99475827831464,1.11646092963755,0.962846791962558,0.0532980140916666
33351,15,10.6371285882552,56,1.41015499394846,estimated,1155.94239411713,1093.7724717952,0.00972517489930659,1.05683990402492,0.996786313527227,1.11862528798755,0.968028292073141,0.0552832328099679
33401,23,20.0659082659048,84,1.14622272240129,estimated,1163.94239411713,1103.20125147285,0.0181888012174709,1.05505898634831,0.995309984810734,1.11652498088839,0.964269247479038,0.053596676595682
33403,4,6.76050974221979,98,0.591671360965544,estimated,1144.94239411713,1089.89585294916,0.0062028951884957,1.05050623967328,0.990530672757222,1.1122197587808,0.94988624403266,0.0492721810028257
33404,19,17.3690261164788,98,1.09390128569004,estimated,1159.94239411713,1100.50436932342,0.0157827870571355,1.05400980355058,0.994218884244344,1.11552192313385,0.961311080403311,0.052601751357296
33405,9,9.7567903574882,84,0.922434496411273,estimated,1149.94239411713,1092.89213356443,0.00892749618909485,1.05220118143465,0.992257677465556,1.11387787328704,0.955542289471179,0.0508843331372157
33406,9,8.00594479089639,84,1.12416463453932,estimated,1149.94239411713,1091.14128799784,0.00733722101707532,1.05388954369712,0.9938498543675,1.11566520198372,0.960335309402717,0.0524876473762462
33407,17,13.5519619425901,91,1.25443091354718,estimated,1157.94239411713,1096.68730514953,0.0123571795524179,1.05585465308112,0.995908129949065,1.11752836701181,0.965850400303585,0.0543505366832107
33408,21,20.4907216264876,105,1.02485409654163,estimated,1161.94239411713,1103.62606483343,0.0185667249799688,1.05284065965994,0.993166737982315,1.11423091324377,0.958226226561617,0.0514919013408256
33409,11,9.58559011922427,91,1.14755584822463,estimated,1151.94239411713,1092.72093332617,0.00877222154978434,1.0541963267883,0.994190556999535,1.11593555619301,0.961288646880604,0.0527787010734822
33410,23,22.8585365068819,105,1.00618865048843,estimated,1163.94239411713,1105.99387971383,0.0206678688970653,1.0523949684227,0.992796832773375,1.11370576167699,0.95708048337474,0.051068489122306
33411,34,23.5806738432842,91,1.44185871133124,estimated,1174.94239411713,1106.71601705023,0.0213068876568125,1.06164759162766,1.00180349275577,1.12320323157797,0.978335810738861,0.0598220331249005
33412,6,3.02906554148506,105,1.98080890552747,estimated,1146.94239411713,1086.16440874843,0.00278877259932997,1.05595652451799,0.995721606228003,1.11793536580748,0.96542686845791,0.0544470144725421
33413,4,2.84275050770384,84,1.40708795554166,estimated,1144.94239411713,1085.97809371465,0.00261768678775099,1.0542960311481,0.994104097223817,1.11623218707562,0.961096182750205,0.0528732751510178
33414,15,10.6739386908037,91,1.4052919390406,estimated,1155.94239411713,1093.80928189775,0.00975850074364381,1.05680433805753,0.996752768550943,1.1185876427488,0.967947636837672,0.0552495791168066
33415,19,18.7357370039199,84,1.0141047558484,estimated,1159.94239411713,1101.87108021086,0.0170035654264875,1.05270245761887,0.992985700255763,1.11413828036029,0.957696710400463,0.0513606268585925
33417,32,29.2979821946255,91,1.09222538901912,estimated,1172.94239411713,1112.43332540157,0.0263368433196205,1.05439343404578,0.994908327585002,1.11558128500755,0.963138815717809,0.0529656575518991
33418,23,21.1963030532309,112,1.08509488386911,estimated,1163.94239411713,1104.33164626017,0.0191937839733311,1.05397902709646,0.994291184686321,1.11538210499365,0.961486664094534,0.0525725515307406
33426,20,16.6326695410477,70,1.20245279632605,estimated,1160.94239411713,1099.76801274799,0.0151237982449477,1.05562480510438,0.995767692440437,1.11720427057784,0.965477684960046,0.0541328239541029
33428,21,11.8699424850496,70,1.7691745369828,estimated,1161.94239411713,1095.00528569199,0.0108400777970202,1.06112948430458,1.00098576060316,1.12300305228378,0.976863767858552,0.0593338920579507
33430,5,4.70329904335773,84,1.06308358322682,estimated,1145.94239411713,1087.8386422503,0.00432352635831036,1.05341210507713,0.993296498945511,1.11526895013554,0.958755796298645,0.0520345194356479
33431,7,7.39019797665525,70,0.947200605736431,estimated,1147.94239411713,1090.5255411836,0.00677673075738723,1.05265062647796,0.99263006356649,1.1144081383426,0.956724176420134,0.0513113893778975
33432,6,10.4172261332666,70,0.57596906539635,estimated,1146.94239411713,1093.55256934021,0.00952604056296241,1.04882236691112,0.988994402307704,1.11038247237978,0.944278849449077,0.0476679794328557
33433,31,31.1627658992705,63,0.994776911016288,estimated,1171.94239411713,1114.29810910621,0.027966273696961,1.05173147521282,0.992371603755398,1.11279124153044,0.955669091910072,0.0504378300344162
33434,19,14.7102365548326,63,1.29161757047055,estimated,1159.94239411713,1097.84557976178,0.0133991854829207,1.05656243054586,0.996626708113338,1.1182235217008,0.967628605853213,0.0550206481841163
33435,27,19.8310067818857,70,1.36150424922766,estimated,1167.94239411713,1102.96634998883,0.0179797024470298,1.05891026877562,0.999044452265076,1.12049344432449,0.973067008957914,0.0572403309949513
33436,29,21.5442917631321,70,1.34606420665109,estimated,1169.94239411713,1104.67963497008,0.0195027509163013,1.0590784487023,0.999253582536531,1.1206180105768,0.973499273035187,0.0573991419703356
33437,30,25.6518232622677,70,1.16950751193301,estimated,1170.94239411713,1108.78716646921,0.0231350290100783,1.05605695080855,0.996427871364708,1.11739437391507,0.967099761441067,0.0545421145197809
33438,0,0.180622893181245,98,0,estimated,1140.94239411713,1083.31596610013,0.000166731497396348,1.05319447863808,0.992961669133148,1.11517579599119,0.957802146598383,0.051827906163384
33440,6,5.95214605100854,105,1.00803978070789,estimated,1146.94239411713,1089.08748925795,0.00546525977914228,1.05312236659573,0.993049117149959,1.1149348584002,0.95800911141533,0.0517594339935411
33441,8,10.1031389846885,63,0.791833113661426,estimated,1148.94239411713,1093.23848219163,0.00924147763664021,1.0509531203236,0.991055048898566,1.11258383044673,0.95162679710326,0.0496974860699222
33442,21,23.5130616999766,63,0.893120609640596,estimated,1161.94239411713,1106.64840490692,0.0212470931108008,1.04996527258797,0.990454324881143,1.1111878647694,0.949370598452646,0.0487570898967374
33444,4,6.3882997997018,70,0.626144690358257,estimated,1144.94239411713,1089.52364300665,0.00586338795005189,1.05086512024425,0.990869064096534,1.11259972231362,0.951050008238025,0.0496137489724867
33445,24,24.741429598668,70,0.970032871556142,estimated,1164.94239411713,1107.87677280561,0.0223322938127967,1.05150899695009,0.991986227517301,1.1127415133296,0.954509706362837,0.0502262724246215
33446,21,19.9932182516504,63,1.05035616255859,estimated,1161.94239411713,1103.12856145859,0.0181241053401924,1.05331548353781,0.993614649332982,1.11473342370271,0.959557233702236,0.0519427927787212
33449,1,2.07359260709946,84,0.482254805778266,estimated,1141.94239411713,1085.20893581404,0.00191077730625578,1.05227883445369,0.992124360545973,1.11417876631966,0.955208567958765,0.0509581309575694
33455,23,18.8013843393804,119,1.22331417648994,estimated,1163.94239411713,1101.93672754632,0.017062126952829,1.05626971587459,0.996452149563609,1.11780624551784,0.967186547097014,0.0547435654318129
33458,22,20.2884507888695,112,1.08436076410869,estimated,1162.94239411713,1103.42379399581,0.0183868164700339,1.05393992810848,0.994229016625632,1.11536748621319,0.961318299621655,0.0525354542904596
33460,17,17.9016064674187,84,0.949635443664808,estimated,1157.94239411713,1101.03694967436,0.0162588607700343,1.05168350113918,0.991973796640863,1.11311357317192,0.954548715806614,0.0503922146193036
33461,21,19.454044872954,84,1.07946702791846,estimated,1161.94239411713,1102.5893880799,0.0176439616445359,1.05383056165686,0.994100533355987,1.11527853559377,0.960961063129815,0.0524316797549988
33462,22,19.7061642367495,84,1.11640194081874,estimated,1162.94239411713,1102.84150744369,0.0178685369599726,1.05449639523702,0.994753957138118,1.11595638632577,0.962778498414774,0.0530633024737763
33463,12,15.5266759653779,84,0.772863427224096,estimated,1152.94239411713,1098.66201917232,0.0141323497985986,1.04940589007136,0.989698328306462,1.11083753775074,0.946794886731322,0.0482241850538115
33467,31,29.677980842233,84,1.04454545492144,estimated,1171.94239411713,1112.81332404918,0.0266693255740722,1.05313476105121,0.993695687944939,1.1142759971236,0.95971399132783,0.0517712031696034
33469,13,12.8431318327929,105,1.01221416779407,estimated,1153.94239411713,1095.97847503974,0.011718416123389,1.05288782617313,0.993007738248085,1.11449622159472,0.957819447282045,0.0515366996265667
33470,8,5.81583646169643,112,1.375554497223,estimated,1148.94239411713,1088.95117966864,0.00534076877851048,1.05509082093721,0.994956925209366,1.11696417692357,0.963414162937509,0.0536268494192362
33471,2,2.13697467064945,105,0.935902529622487,estimated,1142.94239411713,1085.27231787759,0.00196906770351299,1.0531388069976,0.992961128794944,1.11506184131651,0.957781682378627,0.0517750449748229
33472,11,9.21205493399423,77,1.19408753842836,estimated,1151.94239411713,1092.34739814094,0.00843326486580386,1.05455681597047,0.994530526824606,1.11631715749988,0.962235755143937,0.0531205990210103
33473,1,0.504312846717475,63,1.98289614573356,estimated,1141.94239411713,1083.63965605366,0.000465387957980473,1.05380269883791,0.99356111184064,1.11579227148964,0.95956593359767,0.0524052398430135
33476,3,2.8160429195462,91,1.06532467214081,estimated,1143.94239411713,1085.95138612649,0.00259315744288593,1.05340110867899,0.993234371795475,1.11531211036684,0.958589419341902,0.0520240805433321
33477,7,10.4756390237912,105,0.668216992214255,estimated,1147.94239411713,1093.61098223074,0.00957894461010539,1.04968074824521,0.989829523344681,1.11126402158703,0.94735425887443,0.0484860686467946
33478,3,3.78844895677629,112,0.791880802467718,estimated,1143.94239411713,1086.92379216372,0.00348547799219179,1.05245869339184,0.992345784107468,1.11431430699062,0.955883085366549,0.0511290396207223
33480,13,12.7503421754731,84,1.01958048035818,estimated,1153.94239411713,1095.88568538242,0.0116347374051371,1.05297697516184,0.993091817134211,1.1145905870234,0.958073177451363,0.0516213669695988
33483,8,8.94646676573953,70,0.894207759272742,estimated,1148.94239411713,1092.08180997268,0.0081921213997359,1.05206623132554,0.992104719199858,1.11376221726371,0.955068763450522,0.0507560698675561
33484,31,33.1748590554908,70,0.934442553264417,estimated,1171.94239411713,1116.31020226243,0.0297183157407816,1.04983578197346,0.990582903707422,1.11078549112446,0.949678865334276,0.0486337538174545
33486,7,8.94217350799017,63,0.782807445387325,estimated,1147.94239411713,1092.07751671493,0.00818822232957329,1.05115468137303,0.99121941501202,1.1128244282706,0.952192583969308,0.0498892564918591
33487,18,10.3070174498846,70,1.74638299464619,estimated,1158.94239411713,1093.44236065683,0.00942621012386349,1.05990259369589,0.999751836781684,1.12178566718401,0.97451169889708,0.0581770111618553
33493,0,0.794945936336822,84,0,estimated,1140.94239411713,1083.93028914328,0.000733392123367208,1.05259757527296,0.992398903021315,1.114543764397,0.956080394983406,0.0512609903750905
33496,4,7.87604357580834,63,0.507869206346978,estimated,1144.94239411713,1091.01138678275,0.00721902967395579,1.04943212141297,0.989517878122762,1.11108253987884,0.946267558812511,0.048249181114933
33498,9,4.27907295553493,70,2.10325930254557,estimated,1149.94239411713,1087.41441616248,0.00393508941203476,1.05750151646446,0.997256054410251,1.11948889712438,0.969156776943201,0.0559090659462095
33510,10,8.32705635949124,98,1.2009045655854,estimated,1150.94239411713,1091.46239956644,0.00762926543580339,1.05449568814677,0.994447189307753,1.11627964530974,0.962012182417475,0.0530626319257427
33511,26,16.5047647196269,98,1.57530267420787,estimated,1166.94239411713,1099.64010792657,0.0150092422062956,1.06120392090596,1.00118310396443,1.12294729154164,0.97722687423703,0.0594040380597348
33513,8,5.70404015533113,98,1.40251467068005,estimated,1148.94239411713,1088.83938336227,0.00523864239527906,1.05519915211853,0.995059082158251,1.11707886093595,0.96368724601881,0.0537295188938509
33514,2,0.575198768027792,91,3.47705890757987,estimated,1142.94239411713,1083.71054197497,0.000530767899497905,1.05465652482647,0.994392122315008,1.11666879875233,0.961914498447668,0.0532151450341106
33521,0,0.292176327006985,91,0,estimated,1140.94239411713,1083.42751953395,0.000269677778844558,1.05308603810241,0.992859430375269,1.11506097364533,0.957493573739164,0.0517249374135862
33523,8,6.65466433382133,91,1.2021643164391,estimated,1148.94239411713,1089.79000754077,0.00610637305148203,1.05427870155449,0.994191091796823,1.11610443268176,0.961311786372834,0.0528568378928598
33525,11,8.02572848570436,98,1.37059209261732,estimated,1151.94239411713,1091.16107169265,0.0073552188525701,1.0557033457308,0.995611795115981,1.11753083401655,0.965120331224743,0.054207223214513
33527,5,3.68117932689,98,1.35826037147291,estimated,1145.94239411713,1086.81652253383,0.00338712123947803,1.05440280889865,0.994230665766515,1.11631782854276,0.961444294164842,0.0529745487407869
33530,0,0.0204572767897501,77,0,estimated,1140.94239411713,1083.15580048373,1.88867352052345e-05,1.05335021389129,0.993108497795948,1.11534069638564,0.958242052338897,0.0519757646484598
33534,2,2.31177153614988,91,0.865137393001595,estimated,1142.94239411713,1085.44711474309,0.00212978735191261,1.05296921295668,0.992801225571175,1.11488227539197,0.957297623088441,0.0516139952663697
33538,7,3.20305078128222,98,2.18541649133574,estimated,1147.94239411713,1086.33839398823,0.00294848345507057,1.05670792864343,0.99645602443624,1.11870347664306,0.967257282335884,0.0551583476480487
33540,8,5.03471757972276,98,1.58896698242218,estimated,1148.94239411713,1088.17006078667,0.00462677458345347,1.05584819461632,0.995671133097487,1.11776596502685,0.965287868111394,0.0543444198521324
33541,15,13.534990618886,98,1.10823866985691,estimated,1155.94239411713,1096.67033382583,0.0123418954643079,1.05404729066075,0.994152386884435,1.11566941177883,0.961152008684673,0.0526373169122105
33542,19,18.9478078083946,98,1.00275452401318,estimated,1159.94239411713,1102.08315101534,0.0171927207043663,1.05249988900428,0.992794622771191,1.11392388982071,0.957112419899156,0.0511681811152786
33543,7,4.92810512897678,98,1.42042424355777,estimated,1147.94239411713,1088.06344833592,0.00452924426099765,1.05503258644778,0.994876207744603,1.11692984450873,0.963203285847111,0.0535716540792404
33544,3,3.07754378530501,98,0.974803352701178,estimated,1143.94239411713,1086.21288699225,0.00283327865297825,1.05314750710124,0.992995255088946,1.11504360399397,0.957875047946539,0.0517833060584015
33545,1,1.52964050945016,98,0.653748376708106,estimated,1141.94239411713,1084.66498371639,0.00141024236277006,1.05280654511819,0.992621904151741,1.11473751937816,0.956759397799001,0.0514594984371705
33547,6,3.3802451615641,98,1.77501918151514,estimated,1146.94239411713,1086.51558836851,0.00311108758838869,1.05561522208748,0.995399772708887,1.11757403080112,0.964596294509662,0.0541237458608705
33548,8,3.10736247778479,105,2.57453066940009,estimated,1148.94239411713,1086.24270568473,0.00286065210060584,1.05772161976718,0.997437784167441,1.11974925285396,0.96957926521347,0.0561171795014609
33549,3,5.82443577566157,105,0.51507135035054,estimated,1143.94239411713,1088.95977898261,0.00534862341849139,1.05049095126901,0.990490432812393,1.11223091577185,0.949761009532583,0.0492576275285647
33550,0,0.011254665518237,84,0,estimated,1140.94239411713,1083.14659787246,1.03907130764604e-05,1.05335916334704,0.993116935427081,1.11535017252385,0.958267215998163,0.0519842607949614
33556,4,4.45728295639221,98,0.897407689647251,estimated,1144.94239411713,1087.59262616334,0.00409830192773191,1.0527309275313,0.992628348599073,1.11457513916728,0.956749029097448,0.0513876710886654
33558,4,3.88895155060219,98,1.02855485545471,estimated,1144.94239411713,1087.02429475755,0.00357761235821283,1.05328132925723,0.993147326755778,1.11515787504426,0.958321475217752,0.0519103667536003
33559,2,2.99204044819458,105,0.668440161364401,estimated,1142.94239411713,1086.12738365514,0.00275477857682354,1.05230971184134,0.992179409180429,1.11418399656763,0.955371428596219,0.0509874738785026
33563,13,10.7323723257071,84,1.2112885767913,estimated,1153.94239411713,1093.86771553265,0.00981139873982021,1.05491950967328,0.994923875358957,1.11664678647742,0.96329530955287,0.0534644698689309
33565,3,6.87225717464971,91,0.436537795917528,estimated,1143.94239411713,1090.00760038159,0.00630477913387379,1.04948111711942,0.989538277001158,1.11116173115905,0.946359466944503,0.0482958678531519
33566,3,5.95862853030602,91,0.503471559729186,estimated,1143.94239411713,1089.09397173725,0.00547117942522555,1.05036151498699,0.990368389496502,1.11209387219777,0.949335106066986,0.0491344048993989
33567,2,2.94457096170197,91,0.679216098376517,estimated,1142.94239411713,1086.07991416865,0.00271119180392534,1.05235570532764,0.992222774540977,1.11423269440421,0.95550804581183,0.0510311800998636
33569,4,4.91678282799241,91,0.813540101309143,estimated,1144.94239411713,1088.05212603494,0.00451888536435297,1.05228634430366,0.992209147544442,1.11410443825041,0.955443382919658,0.0509652676811531
33570,4,6.63187172766291,84,0.603147974547694,estimated,1144.94239411713,1089.76721493461,0.00608558565240088,1.05063024325414,0.990647596718005,1.11235104713262,0.950290887173802,0.049390215773063
33572,7,4.33028248947146,84,1.61652271347646,estimated,1147.94239411713,1087.46562569642,0.00398199482093821,1.05561257936957,0.995423130338238,1.11754386478855,0.964651854012525,0.0541212423717514
33573,52,42.2947685841656,91,1.22946647400426,estimated,1192.94239411713,1125.43011179111,0.0375809818317851,1.05998798292199,1.00068343971905,1.12097560857992,0.976322522081433,0.0582575711936695
33574,0,0.0208349912917607,77,0,estimated,1140.94239411713,1083.15617819824,1.92354451842932e-05,1.05334984657062,0.993108151482564,1.11534030744787,0.958241019255348,0.0519754159318338
33576,0,1.84319902989692,91,0,estimated,1140.94239411713,1084.97854223684,0.00169883454662329,1.05158060708271,0.991440095837909,1.11346694683475,0.953013642390274,0.0502943723596042
33578,7,6.52647640897185,98,1.07255424847276,estimated,1147.94239411713,1089.66181961592,0.00598945130634411,1.05348501108515,0.993416872812441,1.1152914751054,0.959093593891194,0.0521037264296576
33579,4,2.42817361130652,91,1.64732866767617,estimated,1144.94239411713,1085.56351681825,0.00223678630838978,1.05469866698627,0.99448374575192,1.11665847634254,0.962153717506715,0.0532551024201093
33584,6,6.91759521774857,98,0.867353438750755,estimated,1146.94239411713,1090.05293842469,0.00634610941716798,1.05218962647324,0.992169583313676,1.11394737156165,0.955296575026988,0.0508733513734003
33585,0,0.372447260238069,98,0,estimated,1140.94239411713,1083.50779046718,0.000343742115668111,1.05300802094389,0.992785875063766,1.11497836511612,0.957270419046241,0.0516508503534905
33592,4,3.87719152371512,98,1.0316745962983,estimated,1144.94239411713,1087.01253473066,0.00356683239598135,1.05329272435743,0.993158071286216,1.11516993956622,0.958353522668249,0.0519211853623079
33594,8,8.61964918578121,91,0.928112017968971,estimated,1148.94239411713,1091.75499239273,0.00789522305447865,1.05238116804859,0.992401706404545,1.114095622721,0.956005145639461,0.0510553757333097
33596,5,5.26234341252878,91,0.950147036792737,estimated,1145.94239411713,1088.39768661947,0.00483494542226881,1.05287103069503,0.992786302331278,1.11469610361597,0.957222976678547,0.0515207476783696
33597,6,2.5782983594254,98,2.32711624628934,estimated,1146.94239411713,1085.71364156637,0.00237474989786963,1.05639493712396,0.996135010467733,1.11839951082259,0.966469704915289,0.0548621088545373
33598,2,2.80879420947069,98,0.71204931755285,estimated,1142.94239411713,1085.94413741641,0.0025864997219407,1.05248728248243,0.992346833211377,1.11437200810486,0.955896973878955,0.0511562033493151
33602,4,5.22249335199155,98,0.765917681537045,estimated,1144.94239411713,1088.35783655894,0.00479850760160236,1.05199076595718,0.991930444375113,1.11379149572345,0.95455747546447,0.05068433666975
33603,6,10.2268739385379,98,0.586689543262115,estimated,1146.94239411713,1093.36221714548,0.0093536010099543,1.04900496480621,0.989166584272748,1.11057578776721,0.944928020965951,0.047842062297342
33604,10,15.8941307265608,98,0.629163064783965,estimated,1150.94239411713,1099.0294739335,0.01446196949539,1.04723523928601,0.987600188372753,1.10859379948773,0.938702195174513,0.0461535860080392
33605,10,11.1127890259185,98,0.899864109421759,estimated,1150.94239411713,1094.24813223286,0.0101556390169406,1.05181115709888,0.991915529496154,1.11343782490246,0.954440799213,0.0505135897408027
33606,7,6.705061438353,91,1.04398745102617,estimated,1147.94239411713,1089.8404046453,0.00615233332309354,1.05331238337667,0.993254088077481,1.11510871957533,0.958612414595703,0.0519398495335546
33607,16,16.1201295066647,98,0.992547857223166,estimated,1156.94239411713,1099.25547271361,0.0146645888119809,1.05247817530634,0.992697910053089,1.11398159606596,0.956843795824868,0.0511475503084257
33609,12,8.23799157392692,84,1.45666572881426,estimated,1152.94239411713,1091.37333478087,0.00754828005357211,1.05641429689926,0.996307981051204,1.11825621288675,0.966873940660689,0.0548804349532546
33610,12,16.2281587347241,98,0.739455424127882,estimated,1152.94239411713,1099.36350194167,0.0147614130413301,1.04873628429617,0.989066820781489,1.11012873361917,0.944443465876357,0.0475859005694654
33611,19,13.7005985269544,84,1.38680072718134,estimated,1159.94239411713,1096.8359417339,0.0124910189442701,1.05753499678673,0.997544103492012,1.11925284700663,0.969795301001076,0.0559407252788695
33612,23,21.615197753162,98,1.06406613821682,estimated,1163.94239411713,1104.75054096011,0.0195656819813611,1.05357938372728,0.993914173504148,1.11495917906163,0.960412188252163,0.0521933037984695
33613,19,20.6598660092094,98,0.919657464938566,estimated,1159.94239411713,1103.79520921615,0.0187171187523823,1.05086739318324,0.991254733703501,1.11219612137713,0.952156112948374,0.0496159118918679
33614,18,17.4711855120175,98,1.03026780796407,estimated,1158.94239411713,1100.60652871896,0.0158741430803186,1.05300337938761,0.993244161248025,1.1144836379486,0.958485404258525,0.0516464424416644
33615,16,11.7792301871656,84,1.3583230606558,estimated,1156.94239411713,1094.91457339411,0.0107581271392263,1.05665083124316,0.996633561095581,1.11839808852099,0.967656033517668,0.0551043129035707
33616,2,2.26912050655363,84,0.881398759662011,estimated,1142.94239411713,1085.4044637135,0.00209057598564712,1.05301058944127,0.992840237751308,1.11492608475383,0.957416142247723,0.051653289550719
33617,9,11.3965410519299,98,0.789713296252806,estimated,1149.94239411713,1094.53188425887,0.0104122513156816,1.05062484762221,0.990771146795149,1.11220913979237,0.95064564031908,0.0493850801453604
33618,18,11.6682984446299,98,1.54264137872512,estimated,1158.94239411713,1094.80364165157,0.0106578915165349,1.05858470873261,0.998508743387493,1.12039083668581,0.971941306149923,0.0569328355354299
33619,8,8.42383092778912,98,0.949686676831208,estimated,1148.94239411713,1091.55917413473,0.00771724623584113,1.05256995803996,0.992579736490299,1.1142954838639,0.956558701831929,0.0512347528119904
33620,0,0.0112546655331607,84,0,estimated,1140.94239411713,1083.14659787248,1.03907130902383e-05,1.05335916334703,0.993116935427068,1.11535017252384,0.958267215998122,0.0519842607949475
33621,0,0.00918020784559713,70,0,estimated,1140.94239411713,1083.14452341479,8.47551517562498e-06,1.05336118075926,0.993118837462315,1.11535230866236,0.958272886727171,0.0519861760109287
33624,13,8.32664760858832,98,1.56125257259494,estimated,1153.94239411713,1091.46199081553,0.00762889379442954,1.05724468999137,0.997116817466647,1.11910802177203,0.96881981029651,0.0556661748857473
33625,7,6.32183822393809,98,1.10727287729287,estimated,1147.94239411713,1089.45718143088,0.00580274133916402,1.05368289243772,0.993603471266514,1.11550096587488,0.959639444675509,0.0522915437866142
33626,6,4.24270518457397,91,1.41419206354836,estimated,1146.94239411713,1087.37804839152,0.00390177564357669,1.05477795492904,0.994610265773241,1.1166876206646,0.962487707486866,0.0533302755146899
33629,12,10.9350705799544,84,1.09738660690474,estimated,1152.94239411713,1094.0704137869,0.00999485082692705,1.05381004694795,0.993851903905374,1.11549951156558,0.960317831326608,0.0524122127653908
33634,10,5.10074640394128,98,1.96049738765157,estimated,1150.94239411713,1088.23608961089,0.00468716894489791,1.05762196742498,0.997395441895369,1.11958909641803,0.969476608628962,0.0560229609141135
33635,1,2.95492985920541,84,0.338417508248031,estimated,1141.94239411713,1086.09027306615,0.0027207037319866,1.0514249344056,0.99131927446855,1.11327463590195,0.952602239789506,0.0501463245543766
33637,5,3.05239832734496,98,1.63805619836947,estimated,1145.94239411713,1086.18774153429,0.00281019404898946,1.05501318998356,0.994806213922598,1.11696405148673,0.963026808120197,0.0535532692039645
33647,8,5.41768804701084,98,1.47664463708166,estimated,1148.94239411713,1088.55303125395,0.00497696289612088,1.05547673023666,0.995320839976105,1.11737271697953,0.964379194309682,0.0539925418639401
33701,15,12.8906543268495,70,1.16363371630849,estimated,1155.94239411713,1096.02599753379,0.0117612669369661,1.05466694833714,0.994736833297318,1.1163252961224,0.962775745913173,0.0532250283078723
33702,15,17.8986572460576,84,0.838051692581795,estimated,1155.94239411713,1101.034000453,0.0162562257284457,1.0498698438391,0.990212318193381,1.11124774144247,0.948602648052493,0.0486661982374971
33703,11,14.168531498349,84,0.776368390844302,estimated,1151.94239411713,1097.30387470529,0.0129121311105862,1.04979342611591,0.990038273254404,1.11127479871752,0.948042519462647,0.0485934077816964
33704,8,9.0640373064396,70,0.882608900375592,estimated,1148.94239411713,1092.19938051338,0.00829888522934255,1.05195298094481,0.991997923416644,1.11364232557687,0.954728053982403,0.0506484183972915
33705,22,15.3566377133486,70,1.43260526234051,estimated,1162.94239411713,1098.49198092029,0.0139797449413178,1.05867171933549,0.998692728468252,1.12037506391795,0.972330220288135,0.0570150273774509
33706,11,9.44711087352884,70,1.16437714633184,estimated,1151.94239411713,1092.58245408047,0.00864658849155656,1.05432994078842,0.994316565574811,1.11607699532512,0.961641972015099,0.052905437934532
33707,16,20.545694269562,63,0.778751975478563,estimated,1156.94239411713,1103.68103747651,0.018615608651335,1.0482579249186,0.988717367902091,1.10951472789421,0.943030080158061,0.0471296671819194
33708,7,9.24882499098669,70,0.756852898267807,estimated,1147.94239411713,1092.38416819793,0.00846664137053924,1.05085960373341,0.99094116225769,1.11251203884646,0.951254288747102,0.0496084994640487
33709,13,16.3993069570236,70,0.792716426009225,estimated,1153.94239411713,1099.53465016397,0.0149147704936612,1.04948251875923,0.989796098290763,1.11089165693758,0.947135296043365,0.0482972034073174
33710,23,19.8794785996307,70,1.15697199424673,estimated,1163.94239411713,1103.01482180657,0.0180228571789009,1.05523731060184,0.99547821039088,1.1167136940185,0.964712110838071,0.0537656805921409
33711,7,6.48547767543189,63,1.07933453021004,estimated,1147.94239411713,1089.62082088238,0.00595205006286494,1.0535246501508,0.993454251717911,1.11533343973854,0.959203425265122,0.0521413523279994
33712,11,9.53374293759564,70,1.15379658041988,estimated,1151.94239411713,1092.66908614454,0.00872518776131505,1.05424634843632,0.994237731371937,1.11598850736935,0.961421238971502,0.0528261499784156
33713,15,13.888793204521,70,1.0800074404677,estimated,1155.94239411713,1097.02413641147,0.0126604262782708,1.05370734858979,0.99383176159159,1.11530959588281,0.960236450477569,0.0523147536806366
33714,7,7.60047359463259,70,0.920995239683927,estimated,1147.94239411713,1090.73581680158,0.00696820758753469,1.05244769304753,0.992438701096473,1.11419329909706,0.956131065036602,0.0511185875223481
33715,5,3.20545730270714,70,1.55983983807156,estimated,1145.94239411713,1086.34080050965,0.00295069217800097,1.05486454488271,0.994666051627565,1.11680667787694,0.962646508628151,0.0534123652087779
33716,5,5.53659635448983,84,0.90308190806529,estimated,1145.94239411713,1088.67193956143,0.00508564256438925,1.05260579654397,0.992536204432858,1.11441529479313,0.956454551520699,0.0512688008043572
33744,0,0.0358462594618451,70,0,estimated,1140.94239411713,1083.17118946641,3.30938080798694e-05,1.05333524858539,0.993094388364667,1.11532485035981,0.958199945505111,0.0519615572063299
33755,10,11.1205753606395,84,0.8992340482125,estimated,1150.94239411713,1094.25591856758,0.0101626823962686,1.05180367278594,0.99190847137913,1.11342990207614,0.954418069156785,0.0505064740722545
33756,21,25.0899769673175,84,0.836987615706259,estimated,1161.94239411713,1108.22532017426,0.0226397795742225,1.04847125667046,0.989044988243479,1.10960673403999,0.944196628781537,0.0473331572219958
33759,16,13.1379002522403,84,1.21785062245938,estimated,1156.94239411713,1096.27324345918,0.0119841475021181,1.05534126735276,0.995398379818113,1.11701199795208,0.964539585980005,0.0538641907846453
33760,1,3.30445404937347,84,0.302621850707714,estimated,1141.94239411713,1086.43979725632,0.00304154363428006,1.05108667502882,0.991000351995826,1.11291647853646,0.951535943560734,0.0498245575989193
33761,14,11.504243174783,84,1.21694228705871,estimated,1154.94239411713,1094.63958638173,0.0105096173369809,1.05508918961604,0.99510950968833,1.11679929108183,0.963786969784268,0.0536253032751483
33762,2,2.51698599139833,84,0.794601164581326,estimated,1142.94239411713,1085.65232919834,0.00231840887151866,1.05277017639809,0.992613562212293,1.11467153577242,0.956723681725987,0.051424953298318
33763,18,20.64917414197,84,0.871705564408723,estimated,1158.94239411713,1103.78451734891,0.0187076135037349,1.04997159853329,0.990384437632047,1.11127484467962,0.949168135500213,0.048763114787684
33764,18,15.2837809864224,84,1.17771904844688,estimated,1158.94239411713,1098.41912419337,0.0139143434867325,1.05510034247466,0.995222119138124,1.11670303353235,0.964063864376628,0.0536358737556166
33765,6,6.13910740810306,84,0.977340776296005,estimated,1146.94239411713,1089.27445061505,0.00563596016103809,1.05294161032559,0.992878671758076,1.11474349273099,0.957494366148756,0.0515877808314736
33767,3,6.01908829649491,84,0.49841435317488,estimated,1143.94239411713,1089.15443150344,0.00552638645392677,1.05030320864422,0.9903134134164,1.11203213904631,0.949142291955125,0.0490788926207125
33770,27,22.2500405369658,84,1.21348093524336,estimated,1167.94239411713,1105.38538374391,0.0201287631121063,1.05659294151452,0.996858135810747,1.11804134797509,0.968160813055425,0.0550495253495752
33771,22,23.0596374383122,84,0.954047957555841,estimated,1162.94239411713,1106.19498064526,0.0208459067721147,1.05129964831225,0.991738321743113,1.11257332104241,0.95372540016339,0.0500271590730523
33772,18,18.6509118381167,70,0.965100267280959,estimated,1158.94239411713,1101.78625504506,0.0169278857425517,1.05187588682501,0.992180655255004,1.11329031603005,0.955200567009945,0.0505751290523104
33773,3,7.35817370820467,84,0.407709863747152,estimated,1143.94239411713,1090.49351691515,0.00674756300158473,1.04901347543375,0.98909734543951,1.11066660500905,0.94472209813885,0.0478501753123466
33774,9,11.1567014316469,70,0.80669004679741,estimated,1149.94239411713,1094.29204463859,0.010195360083543,1.05085511655796,0.99098829739658,1.11245290636188,0.951387317589647,0.0496042294502236
33776,2,5.91849921579196,70,0.337923505111486,estimated,1142.94239411713,1089.05384242274,0.00543453315643745,1.04948199032521,0.989513267234162,1.11119000912784,0.946284711747979,0.0482966998885407
33777,6,6.75823308096072,77,0.887806017952116,estimated,1146.94239411713,1089.8935762879,0.00620081926161888,1.0523434756112,0.992314656436679,1.114110250798,0.955753689911826,0.0510195587560092
33778,11,9.44957040731166,77,1.16407408229782,estimated,1151.94239411713,1092.58491361426,0.0086488201416333,1.05432756737096,0.994314327254335,1.11607448290797,0.961635719347895,0.0529031868174604
33781,13,11.1616054120055,77,1.16470700406745,estimated,1153.94239411713,1094.29694861895,0.0101997957922591,1.05450572221138,0.994533620916421,1.11620878676713,0.962230998864604,0.0530721473907958
33782,15,16.1013407523469,77,0.931599438252596,estimated,1155.94239411713,1099.23668395929,0.0146477469204832,1.05158644265182,0.991831373450302,1.11306469672011,0.954110985420792,0.0502999216754403
33785,1,1.87330577141974,70,0.533815683086335,estimated,1141.94239411713,1085.00864897836,0.00172653533516404,1.05247307953939,0.992307501435183,1.11438443780412,0.955784662931537,0.0511427086125029
33786,1,1.0536067190683,77,0.949120750562694,estimated,1141.94239411713,1084.18894992601,0.000971792526699519,1.05326879986654,0.993057733688171,1.11522696609929,0.95808115360719,0.0518984711043862
33801,18,14.0516936082106,77,1.2809843782448,estimated,1158.94239411713,1097.18703681515,0.0128070175245589,1.05628516855361,0.996339704900955,1.11795703642034,0.966928394673768,0.0547581948070155
33803,15,15.725117708016,77,0.953887931303284,estimated,1155.94239411713,1098.86046091496,0.0143103863205002,1.05194648022429,0.992170952343214,1.11344578294864,0.955202421091177,0.0506422387098643
33805,14,12.6973418250887,77,1.10259298307126,estimated,1154.94239411713,1095.83268503203,0.0115869347561188,1.05394045084845,0.99402607438919,1.11558336483228,0.960800915349516,0.052535950276836
33809,20,18.2980029698021,91,1.09301545272491,estimated,1160.94239411713,1101.43334617675,0.0166129008471711,1.05402873278438,0.994262122238435,1.11551509199522,0.961425916978491,0.0526197104538449
33810,8,15.0390447701125,91,0.53194867907426,estimated,1148.94239411713,1098.17438797706,0.0136945870662818,1.04622945744855,0.986600606686939,1.10758315930962,0.934546108048277,0.0451927081710145
33811,8,5.07679693102016,77,1.57579672945328,estimated,1148.94239411713,1088.21214013796,0.00466526400852,1.0558073667249,0.995632632152827,1.11772274287836,0.965188956333045,0.0543057507697583
33812,3,2.17810705804661,84,1.37734276601192,estimated,1143.94239411713,1085.31345026499,0.00200689216328684,1.05402028680086,0.993818184540528,1.11596767912607,0.960291465687665,0.0526116973730837
33813,20,11.8520372615387,84,1.6874736012603,estimated,1160.94239411713,1094.98738046848,0.0108239030631274,1.06023358335,1.00011513904876,1.12208190012316,0.975224019259148,0.0584892454988594
33815,4,7.74919123323104,77,0.516182899558177,estimated,1144.94239411713,1090.88453444017,0.00710358519951683,1.04955415350599,0.989632943152011,1.1112117409249,0.946689075066194,0.0483654582860725
33823,13,13.709066095684,91,0.948277578448089,estimated,1153.94239411713,1096.84440930263,0.0124986424504823,1.05205659465485,0.992223780727244,1.11361635161867,0.955391931323398,0.0507469100689277
33825,25,19.1804919430327,119,1.3034076536854,estimated,1165.94239411713,1102.31583514998,0.0174001781807145,1.05772080644972,0.99787171446086,1.11928827076853,0.970526139263421,0.0561164105677903
33827,2,1.33133880969975,112,1.5022472006589,estimated,1142.94239411713,1084.46668201664,0.0012276438103419,1.05392116979726,0.993698786398586,1.115890205914,0.959956256920785,0.0525176558584476
33830,15,12.8804298063055,91,1.1645574119473,estimated,1155.94239411713,1096.01577301325,0.0117520478477181,1.05467678712244,0.994746113006094,1.11633571010658,0.962801062961301,0.0532343570722064
33834,4,1.68867069633491,112,2.36872707549293,estimated,1144.94239411713,1084.82401390328,0.00155663100622095,1.0554176340525,0.995161665506139,1.11741968017625,0.963982433379316,0.0539365502566096
33837,7,6.54034260833598,84,1.07028032309472,estimated,1147.94239411713,1089.67568581528,0.00600210016014314,1.05347160541465,0.993404231513209,1.11527728294333,0.959056394167066,0.052091001278707
33838,2,1.80981166755383,84,1.10508736121877,estimated,1142.94239411713,1084.9451548745,0.0016681135073258,1.05345637886124,0.993260554202204,1.1153980859451,0.958675884909183,0.0520765474829186
33839,2,0.946966665541454,84,2.11200676093117,estimated,1142.94239411713,1084.08230987249,0.000873519157095037,1.05429484800981,0.9940511121673,1.11628585586344,0.960961572385641,0.0528721529434767
33840,0,0.115176439868046,77,0,estimated,1140.94239411713,1083.25051964681,0.000106324841557056,1.05325810920371,0.993021660629429,1.11524317126528,0.95798234544905,0.0518883210675781
33841,3,5.26615746882476,119,0.569675331161244,estimated,1143.94239411713,1088.40150067577,0.00483843275257807,1.05102978396013,0.99099848918812,1.11280141699964,0.951502701821829,0.0497704301803676
33843,7,7.31344391370597,126,0.957141407330882,estimated,1147.94239411713,1090.44878712065,0.0067068201643997,1.05272472001945,0.992699932405159,1.11448657884656,0.956939070823205,0.0513817744915459
33844,18,15.6931875216662,91,1.14699451434891,estimated,1158.94239411713,1098.82853072861,0.0142817437687574,1.05470722838682,0.99485131475127,1.1162869672335,0.963068681837219,0.0532632197772957
33847,1,0.00951762947040545,70,105.06817933073,estimated,1141.94239411713,1083.14486083641,8.78703284716307e-06,1.05428409015883,0.994014983990115,1.11630198048548,0.960866987355533,0.0528619490561271
33848,0,0.313169446810205,70,0,estimated,1140.94239411713,1083.44851265375,0.00028904875788065,1.05306563329212,0.992840192528037,1.11503936799603,0.957435302617223,0.0517055610214973
33849,0,0.155798491537197,91,0,estimated,1140.94239411713,1083.29114169848,0.00014381959340397,1.05321861335288,0.99298442356946,1.1152013510528,0.957870570187359,0.0518508216255884
33850,2,3.50947361513901,84,0.569886034011623,estimated,1142.94239411713,1086.64481682208,0.00322964188556344,1.05180862819527,0.991706958085165,1.11365344992996,0.953860503752025,0.050511185405544
33851,0,0.321890133244513,84,0,estimated,1140.94239411713,1083.45723334019,0.00029709537519276,1.05305715722597,0.992832201213076,1.11503039310676,0.957411077632432,0.051697512045255
33852,34,22.8565595813004,126,1.48753795946685,estimated,1174.94239411713,1105.99190278824,0.0206661183718237,1.06234267281258,1.00245939285321,1.12393861442936,0.979450096653736,0.0604765382056125
33853,12,12.1188456821589,98,0.990193316651117,estimated,1152.94239411713,1095.2541888891,0.0110648704246919,1.05267106559669,0.992777726649485,1.11429385486807,0.957128564817698,0.0513308060008384
33854,0,0.166314657080447,105,0,estimated,1140.94239411713,1083.30165786402,0.000153525710842513,1.0532083892189,0.992974784159694,1.11519052522055,0.957841595283492,0.0518411140649009
33855,1,0.0898037826196756,84,11.1353884082485,estimated,1141.94239411713,1083.22514698956,8.2904078500442e-05,1.05420594905016,0.99394130988879,1.11621924275361,0.960658196236983,0.052787828612347
33856,0,0.108119857611704,105,0,estimated,1140.94239411713,1083.24346306456,9.98112255446501e-05,1.05326497045211,0.993028129479017,1.11525043630351,0.958001738067108,0.0518948353550054
33857,0,0.972134348855881,119,0,estimated,1140.94239411713,1084.1074775558,0.000896713996519634,1.0524255368937,0.992236703617794,1.11436160142479,0.955573523335245,0.0510975352769966
33859,8,5.19737224320842,98,1.5392393743692,estimated,1148.94239411713,1088.33271545015,0.00477553616594049,1.05569039486414,0.995522326991783,1.11759891147391,0.964904263963199,0.0541949556147657
33860,9,6.53074532645722,98,1.37809691698425,estimated,1149.94239411713,1089.6660885334,0.0059933454800333,1.0553163085628,0.995195336977562,1.11717559927495,0.964043206665928,0.053840540534369
33865,0,0.388643776370964,119,0,estimated,1140.94239411713,1083.52398698331,0.000358684977019294,1.0529922805804,0.992771034900894,1.11496169841995,0.957225279154768,0.0516359022421597
33867,0,0.0505423820295062,98,0,estimated,1140.94239411713,1083.18588558897,4.66608572932283e-05,1.05332095746129,0.993080914558327,1.11530971819189,0.958159702737236,0.0519479896160768
33868,4,3.48320153948309,105,1.14836880802298,estimated,1144.94239411713,1086.61854474643,0.00320554214385871,1.05367463094817,0.993518174042364,1.11557428181588,0.959415836417616,0.052283703171578
33870,34,32.8989676432904,126,1.0334670792302,estimated,1174.94239411713,1116.03431085023,0.0294784553874753,1.05278339804985,0.993438965621957,1.1138250810971,0.958929223753852,0.0514375121350287
33872,9,11.37483698344,105,0.791220130284293,estimated,1149.94239411713,1094.51018019038,0.0103926278524531,1.0506456814473,0.990790793725088,1.11223119483013,0.950713122838525,0.0494049098862715
33873,3,7.09603357651365,112,0.422771393011634,estimated,1143.94239411713,1090.23137678346,0.00650874092199519,1.04926570494801,0.989335168450213,1.11093365867885,0.945610194382453,0.048090590904163
33875,9,7.1054530625444,105,1.2666328129648,estimated,1149.94239411713,1090.24079626949,0.0065173245092803,1.05476001086359,0.994670731348204,1.1165866931712,0.962633527964622,0.0533132631965991
33876,9,4.02379735745896,112,2.23669315337578,estimated,1149.94239411713,1087.1591405644,0.00370120363001317,1.05774982816236,0.997490219884491,1.11975176406547,0.969696908381023,0.0561438481622065
33877,0,0.0399884305910909,84,0,estimated,1140.94239411713,1083.17533163754,3.6917781842979e-05,1.05333122052573,0.993090590672101,1.1153205852457,0.958188606028651,0.0519577330987006
33880,24,18.7422972305891,91,1.28052605850418,estimated,1164.94239411713,1101.87764043753,0.0170094178725207,1.05723389908752,0.997387060121386,1.11879979365487,0.969420082428289,0.0556559682050984
33881,25,22.6179406414288,84,1.10531725219086,estimated,1165.94239411713,1105.75328384837,0.0204547804395491,1.05443267602994,0.994769636559628,1.11580874593628,0.962802659373703,0.0530028744508853
33884,16,16.3503261190816,84,0.978573753420564,estimated,1156.94239411713,1099.48566932603,0.0148708860653948,1.05225782053742,0.992490071331382,1.11374836447699,0.956198219775711,0.0509381608456492
33890,1,1.63905315888664,119,0.610108338816339,estimated,1141.94239411713,1084.77439636583,0.00151096224650741,1.05270035681412,0.99252178619838,1.1146250845845,0.95645095013526,0.0513586312264676
33896,1,1.38834149441608,70,0.720283881179098,estimated,1141.94239411713,1084.52368470136,0.00128013939575545,1.05294371181168,0.992751229586802,1.11488275485409,0.957155154474677,0.0515897766534374
33897,1,3.04987186423069,84,0.327882627374657,estimated,1141.94239411713,1086.18521507117,0.00280787458889397,1.05133303075047,0.991232624569221,1.11317732604667,0.952314453695375,0.0500589120640141
33898,18,11.7872487542028,126,1.52707390633307,estimated,1158.94239411713,1094.92259196115,0.0107653717630306,1.05846970610161,0.998400267295203,1.12026911955454,0.971706899510799,0.0568241915343088
33901,9,17.8302530882509,84,0.504760081388328,estimated,1149.94239411713,1100.96559629519,0.0161951046865139,1.04448531179062,0.984981378001442,1.10570972386724,0.927227252536826,0.0435242394844144
33903,26,19.6565115534807,91,1.32271689863485,estimated,1166.94239411713,1102.79185476042,0.0178243169539468,1.05817103116947,0.998321751965499,1.11973794105957,0.971523360071111,0.0565419755409512
33904,30,23.0868096123423,84,1.29944329700549,estimated,1170.94239411713,1106.22215281929,0.0208699577688838,1.0585056456634,0.998738303392039,1.11998529275912,0.972417842022779,0.056858145223715
33905,15,11.213639708599,91,1.33765667435324,estimated,1155.94239411713,1094.34898291554,0.0102468589852607,1.05628315296414,0.996261199141116,1.11803598793054,0.966745894079131,0.0547562866183452
33907,14,14.4105464228234,84,0.97151069704247,estimated,1154.94239411713,1097.54588962977,0.013129789432025,1.05229531177665,0.992474458136054,1.11384200479636,0.956170050742799,0.0509737895391256
33908,28,28.9577088229557,84,0.966927327406633,estimated,1168.94239411713,1112.0930520299,0.0260389261223234,1.05111923141995,0.991718939121738,1.11222278885996,0.953590775978788,0.049855531150108
33909,8,5.72105056034777,91,1.39834457248945,estimated,1148.94239411713,1088.85639376729,0.00525418282254258,1.05518266751592,0.995043537079856,1.11706140963203,0.963645801703764,0.0537138965050897
33912,7,6.79490333403211,70,1.03018389753106,estimated,1147.94239411713,1089.93024654098,0.00623425522467749,1.05322555985602,0.993172215104006,1.11501680224247,0.958368636172725,0.0518574171036278
33913,9,4.076906838988,91,2.2075559622633,estimated,1149.94239411713,1087.21225004593,0.00374987205931111,1.05769815789746,0.997441493255071,1.11969706505373,0.969585178805772,0.0560949977387979
33914,15,13.45769527006,91,1.11460392726913,estimated,1155.94239411713,1096.593038477,0.012272278591838,1.05412158709539,0.994222461518173,1.11574805176043,0.96134975411403,0.0527078012414836
33916,7,5.8173037277856,77,1.20330660518298,estimated,1147.94239411713,1088.95264693473,0.00534210899267347,1.05417108572026,0.994063828498908,1.11601780076146,0.960960279615827,0.0527547573643387
33917,17,19.0556582613464,91,0.892123471508919,estimated,1157.94239411713,1102.19100146829,0.0172888893449151,1.05058233334746,0.990935148041829,1.11194808487248,0.951097916873391,0.0493446136219816
33919,19,18.4679779395509,84,1.02880781329664,estimated,1159.94239411713,1101.60332114649,0.0167646353138536,1.05295833069014,0.993227058389792,1.11440908621009,0.958425320010035,0.0516036603746814
33920,2,2.25358337920927,98,0.887475483912093,estimated,1142.94239411713,1085.38892658615,0.00207629111004238,1.05302566307913,0.992854450062516,1.11494204469974,0.957459251613397,0.0516676042500489
33921,0,0.483927208174017,77,0,estimated,1140.94239411713,1083.61927041512,0.000446584166031518,1.05289969020213,0.992683739820618,1.11486365902562,0.956958951307977,0.0515479676475832
33922,5,1.85838045248484,84,2.69051474003319,estimated,1145.94239411713,1084.99372365943,0.00171280295172304,1.0561742147707,0.995900981915761,1.11819325218529,0.965887244297507,0.054653147785623
33924,0,0.12341092863107,77,0,estimated,1140.94239411713,1083.25875413557,0.000113925623180908,1.05325010276754,0.993014112086041,1.1152346936441,0.957959706698703,0.0518807194488241
33928,9,7.80791105586069,84,1.15267706504476,estimated,1149.94239411713,1090.9432542628,0.00715702766881016,1.05408085124849,0.994030263199908,1.11586772337623,0.96085023584343,0.0526691561415979
33930,0,0.107601861313735,84,0,estimated,1140.94239411713,1083.24294506826,9.93330829465544e-05,1.05326547411323,0.993028604335463,1.11525096960549,0.958003161321723,0.0518953135452178
33931,6,5.392917984268,91,1.11257022960537,estimated,1146.94239411713,1088.52826119121,0.00495432059647799,1.05366340499235,0.993559293098312,1.11550765277553,0.959519070246988,0.0522730490139311
33935,8,8.31891675479,105,0.961663667976198,estimated,1148.94239411713,1091.45425996173,0.00762186475416905,1.05267113452598,0.992675146518927,1.11440259361046,0.956852988186036,0.0513308714812035
33936,23,13.1501249162862,77,1.74903281500505,estimated,1163.94239411713,1096.28546812323,0.0119951648531822,1.06171469745898,1.00158877662255,1.12356844273915,0.977946480192443,0.0598852402673524
33944,0,0.0266573307099337,70,0,estimated,1140.94239411713,1083.16200053765,2.46106590673433e-05,1.05334418448099,0.993102813211157,1.11533431213984,0.958225092038674,0.0519700406001072
33946,1,0.873249122316401,77,1.14514858869526,estimated,1141.94239411713,1084.00859232926,0.000805573985755971,1.05344404296961,0.993222958860325,1.11541251781619,0.958573409440765,0.052064837492737
33947,5,4.0054567516664,77,1.24829708819596,estimated,1145.94239411713,1087.14079995861,0.00368439557398536,1.05408829671443,0.993934102009603,1.11598484805791,0.960607076476586,0.0526762195842516
33948,5,8.03030677884116,70,0.62264121878561,estimated,1145.94239411713,1091.16564998578,0.00735938377362389,1.05020020941097,0.990267898168293,1.11186845047328,0.948951858053161,0.048980821622643
33950,14,16.0706913534738,84,0.87115107197761,estimated,1154.94239411713,1099.20603456042,0.0146202721311484,1.05070601671051,0.990975511270161,1.1121597549727,0.951276387534529,0.0494623350790944
33952,16,19.3812820007708,70,0.825538785275593,estimated,1156.94239411713,1102.51662520771,0.0175791290195913,1.04936503238594,0.989761592186088,1.11068653114146,0.946960381410405,0.0481852501848454
33953,6,2.38061465647571,84,2.52035749829519,estimated,1146.94239411713,1085.51595786342,0.00219307200343824,1.05658731758731,0.996316416974086,1.11860318296124,0.966918890743821,0.0550442026354509
33954,6,4.80775439424824,91,1.24798388353159,estimated,1146.94239411713,1087.94309760119,0.00441912302660761,1.05423013082764,0.994093691197008,1.11610764230094,0.961052083990767,0.0528107667300458
33955,3,4.1921405655054,91,0.715624858738085,estimated,1143.94239411713,1087.32748377245,0.00385545351154089,1.05206794750397,0.991977356313651,1.1139005959956,0.954718958372286,0.0507577011118427
33956,3,2.58577478315644,84,1.16019384965071,estimated,1143.94239411713,1085.7211179901,0.00238161968143647,1.0536245221377,0.993445024627037,1.11554865438988,0.959210404097069,0.0522361457942536
33957,5,2.84384727450638,84,1.75818161714323,estimated,1145.94239411713,1085.97919048145,0.0026186940775961,1.05521579433681,0.994997256149836,1.11717855286113,0.963539942965318,0.0537452904067602
33960,0,0.423085941915057,105,0,estimated,1140.94239411713,1083.55842914886,0.000390459739441456,1.05295880999546,0.992739478518321,1.11492625806495,0.957129161782286,0.0516041155733273
33966,3,1.4537332392897,70,2.06365233931488,estimated,1143.94239411713,1084.58907644623,0.00134035393759728,1.05472424437961,0.99448193442435,1.11671301004162,0.96215547300812,0.0532793530274259
33967,4,2.89373527699997,63,1.38229644977993,estimated,1144.94239411713,1086.02907848394,0.00266450994207219,1.05424653611985,0.994057427968769,1.11617978438985,0.960964499937417,0.0528263280046566
33971,2,3.12735191503372,84,0.639518690041136,estimated,1142.94239411713,1086.26269512198,0.00287900148746482,1.05217862976395,0.992055817298072,1.11404520705421,0.954980169193687,0.0508629000569446
33972,1,3.17870514621682,84,0.314593507104667,estimated,1141.94239411713,1086.31404835316,0.00292613830322428,1.0512083461024,0.991115067632138,1.11304530686809,0.951921728341888,0.0499403083118231
33973,0,0.698839293951054,84,0,estimated,1140.94239411713,1083.8341825009,0.00064478432700703,1.05269091207703,0.992486901838862,1.11464259414486,0.956353386977794,0.0513496592722016
33974,3,1.45321661352977,77,2.06438597802237,estimated,1143.94239411713,1084.58855982047,0.00133987824264928,1.05472474678,0.994482408129314,1.11671354196933,0.962156776780538,0.0532798293607158
33976,2,0.808608482494461,84,2.4733848868741,estimated,1142.94239411713,1083.94395168944,0.000745987355927547,1.05442942168342,0.994177996131661,1.11642834227387,0.961318433727312,0.0529997880977989
33980,19,10.2403844838739,77,1.85539908486056,estimated,1159.94239411713,1093.37572769082,0.00936584215702444,1.06088178541049,1.00070103850353,1.12279495455565,0.976336962648873,0.0591004353381445
33981,3,4.70172514487761,91,0.638063669729485,estimated,1143.94239411713,1087.83706835182,0.00432208579911804,1.05157511855182,0.99151267609768,1.11337880226087,0.953214749854481,0.0502891530305518
33982,6,5.66816440848023,112,1.05854374848819,estimated,1146.94239411713,1088.80350761542,0.00520586530887837,1.05339704188595,0.993308124140134,1.11522565561952,0.958781420698597,0.0520202199048154
33983,6,6.15336396246697,70,0.975076403183295,estimated,1146.94239411713,1089.28870716941,0.00564897434625655,1.05292782948016,0.992865677013278,1.1147289030257,0.957454908707431,0.0515746927974514
33990,18,14.6429759781827,84,1.22925831653478,estimated,1158.94239411713,1097.77831918513,0.0133387367215013,1.05571623511148,0.995803059121279,1.11735488544462,0.96557781657194,0.0542194324227637
33991,5,7.51084298066108,91,0.665704237576794,estimated,1145.94239411713,1090.6461861876,0.00688659904172545,1.05070040919761,0.990739552798468,1.11239802222228,0.950593182122309,0.049456998164894
33993,2,4.40815335799595,98,0.453704723401285,estimated,1142.94239411713,1087.54349656494,0.00405331223249399,1.05093947757232,0.990887471823792,1.11273319451105,0.951140128938257,0.049684504672782
34102,5,8.32956398258444,77,0.600271516066635,estimated,1145.94239411713,1091.46490718953,0.00763154539162664,1.0499122661377,0.989996387100727,1.11156359903809,0.947987029901898,0.0487066046190967
34103,12,9.86576269211764,84,1.21632765499088,estimated,1152.94239411713,1093.00110589906,0.00902630623049776,1.05484101332978,0.994824211869613,1.11659083015634,0.963032097456111,0.0533900573062904
34104,10,9.09662305747977,84,1.09930904433568,estimated,1150.94239411713,1092.23196626442,0.00832847173351959,1.05375270974123,0.993746519977943,1.11549313505624,0.9600298697579,0.0523578018525519
34105,11,10.8534408699559,91,1.01350347155342,estimated,1151.94239411713,1093.9887840769,0.0099209800209368,1.05297459250383,0.993038364890796,1.11464227078343,0.95793051327234,0.0516191041844109
34108,5,8.37960079984243,77,0.596687135751624,estimated,1145.94239411713,1091.51494400679,0.00767703717283264,1.04986413645474,0.989951004058947,1.11151264315793,0.947824320163242,0.0486607619446999
34109,15,13.6637005043706,77,1.09779923785668,estimated,1155.94239411713,1096.79904371131,0.0124577976090641,1.05392359771366,0.99403572263258,1.11553848744675,0.960820921987342,0.0525199595540906
34110,9,15.5835525470833,77,0.577531982698291,estimated,1149.94239411713,1098.71889575403,0.0141833844919802,1.0466211135178,0.98699550391076,1.10797071950915,0.936208115012817,0.04556698818819
34112,19,14.0660305244494,84,1.3507719869493,estimated,1159.94239411713,1097.20137373139,0.0128199169826166,1.05718277600434,0.997211863173092,1.11888007058348,0.969025232963183,0.0556076115270677
34113,11,13.343063482631,98,0.824398386046729,estimated,1151.94239411713,1096.47840668957,0.0121690161896718,1.05058374801471,0.990783609344857,1.1121114059844,0.950660566366651,0.0493459601764133
34114,4,5.80061630640351,105,0.689581897631163,estimated,1144.94239411713,1088.93595951335,0.00532686633748034,1.05143225743855,0.991403822259218,1.11320017680843,0.952843935039301,0.0501532893953387
34116,8,4.52709713438146,91,1.76713681251574,estimated,1148.94239411713,1087.66244034133,0.00416222622614493,1.05634096710793,0.996135820490607,1.11828763501922,0.96646319195489,0.0548110186866364
34117,3,2.92286354903472,112,1.02639071228308,estimated,1143.94239411713,1086.05820675598,0.00269125865524761,1.05329750007972,0.993136680971755,1.11520241243264,0.958298786624123,0.0519257194403934
34119,6,6.57657850164593,84,0.912328500070116,estimated,1146.94239411713,1089.71192170859,0.00603515330119022,1.0525189008842,0.992480074927449,1.11429597256986,0.956270199366846,0.0511862444979038
34120,3,5.09110328047713,91,0.589263237205207,estimated,1143.94239411713,1088.22644648742,0.00467834915877132,1.05119885462217,0.991157903101224,1.11298042436477,0.952038893978012,0.0499312791568343
34134,8,7.10135453525854,84,1.12654564143779,estimated,1148.94239411713,1090.2366977422,0.00651358970943182,1.05384674401119,0.993783753262007,1.11564714398941,0.960153146861282,0.0524470353830042
34135,17,12.6834516145302,84,1.3403291561837,estimated,1157.94239411713,1095.81879482147,0.0115744059825115,1.05669148913054,0.996697454334399,1.11841408364054,0.967807246506725,0.0551427902358911
34137,0,0.0700362873672763,105,0,estimated,1140.94239411713,1083.20537949431,6.46565173078926e-05,1.05330200137095,0.993063042577899,1.11528964652083,0.958106274242017,0.0519299929543912
34138,0,0.109133020567379,98,0,estimated,1140.94239411713,1083.24447622751,0.000100746436249962,1.05326398532911,0.993027200695777,1.11524939320525,0.957998954173395,0.0518939000505086
34139,0,0.0557581534149038,84,0,estimated,1140.94239411713,1083.19110136036,5.14758230056342e-05,1.05331588552033,0.993076132684647,1.11530434776325,0.958145412804399,0.0519431744140904
34140,0,0.153874675211147,98,0,estimated,1140.94239411713,1083.28921788216,0.000142043946040536,1.05322048376674,0.992986187013252,1.11520333154197,0.957875869102097,0.0518525975267845
34141,0,0.02573239213902,98,0,estimated,1140.94239411713,1083.16107559908,2.37567548527237e-05,1.05334508395817,0.993103661246705,1.11533526455195,0.95822762256586,0.051970894524973
34142,6,3.44809183000366,98,1.74009286753643,estimated,1146.94239411713,1086.58343503695,0.00317333369791931,1.05554930908562,0.995337619581786,1.11750424906851,0.964433980462088,0.0540613035444082
34145,12,7.72015025335234,98,1.55437389250154,estimated,1152.94239411713,1090.8554934603,0.00707715210642915,1.05691578859808,0.996780939608685,1.11878706163573,0.968025599516525,0.0553550335137656
34201,0,0.68577060655475,63,0,estimated,1140.94239411713,1083.8211138135,0.000632734127260004,1.05270360539725,0.992498869220655,1.11465603447689,0.956390403993028,0.0513617171740448
34202,3,3.04378583701848,63,0.985614678770774,estimated,1143.94239411713,1086.17912904396,0.00280228716942625,1.0531802384419,0.993026116925244,1.11507825903688,0.957967818717067,0.0518143851159934
34203,17,11.7281760142578,63,1.44950075607097,estimated,1157.94239411713,1094.8635192212,0.0107119981699639,1.05761345938423,0.997567079399317,1.11938990726271,0.96985284110414,0.0560149163809719
34205,22,23.3521267895096,63,0.942098344973146,estimated,1162.94239411713,1106.48746999645,0.0211047367663227,1.05102174733245,0.991476165228783,1.11227922295485,0.952859368831827,0.049762783719222
34207,10,16.5120816743122,63,0.605617159437683,estimated,1150.94239411713,1099.64742488126,0.0150157962458697,1.04664674156029,0.987045202785013,1.10797082109159,0.936393987117111,0.0455914743450155
34208,12,11.442742931801,63,1.04869960563829,estimated,1152.94239411713,1094.57808613874,0.0104540215784573,1.05332128307472,0.993390949004274,1.11498213572215,0.958974254925088,0.0519482987463341
34209,28,24.9431489667487,63,1.12255273130615,estimated,1168.94239411713,1108.07849217369,0.0225102726412624,1.05492742831245,0.995311929212023,1.11625236347119,0.964247332676533,0.0534719762325741
34210,4,6.79286269962919,63,0.58885335636452,estimated,1144.94239411713,1089.92820590657,0.00623239463188226,1.05047505690047,0.990501270273192,1.11218674413058,0.949784067587413,0.0492424969948155
34211,2,1.28648159887422,63,1.55462775507257,estimated,1142.94239411713,1084.42182480582,0.00118632949784516,1.05396476534562,0.993739890842391,1.11593636481737,0.96007464087672,0.0525590200970343
34212,2,2.36129303953139,63,0.846993560950365,estimated,1142.94239411713,1085.49663624648,0.00217531124527154,1.05292117538871,0.992755932930362,1.11483141328468,0.957159681701077,0.0515683731691897
34215,1,0.279705257387929,56,3.575192005108,estimated,1141.94239411713,1083.41504846433,0.000258169994762758,1.05402116735942,0.993767091410979,1.11602359134498,0.96016077391954,0.0526125328012077
34216,1,0.646196526531552,56,1.5475168295433,estimated,1141.94239411713,1083.78153973348,0.000596242418643212,1.05366473984966,0.993431039403068,1.11564619711248,0.959186516131799,0.052274315885739
34217,2,2.18163247955872,56,0.916744694048807,estimated,1142.94239411713,1085.3169756865,0.00201013393177487,1.05309547323184,0.992920271175154,1.11501595958818,0.957658432272647,0.0517338968782685
34219,7,5.787167215429,112,1.20957279087038,estimated,1147.94239411713,1088.92251042237,0.00531458130403078,1.05420026046837,0.994091339746553,1.11604868715046,0.9610380604793,0.052782432515742
34221,13,13.2908233645691,63,0.978118483965078,estimated,1153.94239411713,1096.42616657151,0.0121219501775747,1.05245791216883,0.992602274415721,1.11404115171786,0.956577945263145,0.0511282973366774
34222,8,6.82048005763066,63,1.17293796512897,estimated,1148.94239411713,1089.95582326457,0.00625757476775741,1.05411831341557,0.994039844827017,1.11593463895214,0.960884896045025,0.0527046956368355
34223,11,14.8826847512603,84,0.73911395583841,estimated,1151.94239411713,1098.0180279582,0.0135541351528946,1.04911063824626,0.989394350262842,1.1105520232328,0.945690641577495,0.0479427940587279
34224,9,11.1001839392617,84,0.810797375002656,estimated,1149.94239411713,1094.23552714621,0.0101442364681864,1.05090939344312,0.991039482148092,1.11251036478569,0.951560803568649,0.0496558783242214
34228,5,3.33238939682817,63,1.50042489174857,estimated,1145.94239411713,1086.46773260377,0.00306717751188241,1.05474130499102,0.994549844729656,1.11667620128192,0.962328734694279,0.0532955283201787
34229,2,2.52780735751052,63,0.7911995326929,estimated,1142.94239411713,1085.66315056445,0.00232835327992506,1.05275968289326,0.992603668319552,1.11466042526473,0.956693246615528,0.0514149857314553
34231,28,21.3464248031292,63,1.31169506173678,estimated,1168.94239411713,1104.48176801007,0.0193270956763629,1.05836277969821,0.998553143843013,1.11988741835818,0.972023148722468,0.0567231666263729
34232,11,13.6032815556966,63,0.808628414766109,estimated,1151.94239411713,1096.73862476264,0.0124033942532485,1.05033448089461,0.990548530725551,1.11184754048302,0.94984673697088,0.0491086666750816
34233,9,7.68651694199537,56,1.17088143666586,estimated,1149.94239411713,1090.82186014894,0.00704653731540167,1.05419815657171,0.994140885683161,1.11599190476498,0.961163215772498,0.0527804367860527
34234,8,8.28208186175892,63,0.965940705915818,estimated,1148.94239411713,1091.4174250687,0.00758837239678263,1.05270666174751,0.992708648900323,1.11444020424355,0.956955932542749,0.0513646205039125
34235,7,7.37744070074162,63,0.948838531402403,estimated,1147.94239411713,1090.51278390769,0.00676511161501995,1.05266294082648,0.992641675769289,1.11442117515639,0.956759953157199,0.0513230877288774
34236,11,10.8614371354766,63,1.01275732325245,estimated,1151.94239411713,1093.99678034242,0.00992821672845965,1.05296689607859,0.993031106552764,1.11463412361543,0.957908616933659,0.0516117949355285
34237,6,6.06516252877449,63,0.989256260081187,estimated,1146.94239411713,1089.20050573572,0.00556845364727193,1.0530130936199,0.992946077431489,1.11481917170159,0.957698552142412,0.0516556676613326
34238,6,9.17795563119901,63,0.653740357994753,estimated,1146.94239411713,1092.31329883814,0.00840231062000371,1.05001229531591,0.990116453637477,1.11164224303852,0.948399971707851,0.0488018739255491
34239,11,7.62621887721902,56,1.44239238043103,estimated,1151.94239411713,1090.76156208416,0.00699164615101333,1.05609001468302,0.995976454535873,1.11794014831721,0.966050495677137,0.0545734228283446
34240,5,2.6646565107104,77,1.87641445713654,estimated,1145.94239411713,1085.79999971765,0.00245409514772822,1.05538993775568,0.995161461637357,1.11736292206193,0.963976221122966,0.0539103078864483
34241,4,4.29899868700992,77,0.930449225789859,estimated,1144.94239411713,1087.43434189395,0.00395334092495412,1.05288416045701,0.992772833141149,1.11473737398439,0.957191649494987,0.0515332180377252
34242,3,4.19747584931961,63,0.714715249758087,estimated,1143.94239411713,1087.33281905626,0.00386034135616614,1.0520627852565,0.991972488916439,1.11389513035002,0.954703411080963,0.0507527943373848
34243,11,7.83212397555941,63,1.40447215012507,estimated,1151.94239411713,1090.9674671825,0.00717906281457356,1.05589069222394,0.995788477684147,1.11772915249643,0.965573645562392,0.054384668774849
34250,1,0.0778081668204827,49,12.8521213243229,estimated,1141.94239411713,1083.21315137376,7.18308919364615e-05,1.05421762343717,0.993952316898874,1.11623160388232,0.960689448694538,0.0527989026556818
34251,0,1.07060378362874,105,0,estimated,1140.94239411713,1084.20594699057,0.000987454262357085,1.05232995381001,0.99214658698669,1.11426039320201,0.955289831070109,0.0510067094455223
34266,16,13.8298235437896,140,1.15692003945957,estimated,1156.94239411713,1096.96516675073,0.0126073497709633,1.05467559881054,0.994770520935952,1.11630742989308,0.962861325879383,0.0532332303643978
34267,0,0.0316089831509332,21,0,estimated,1140.94239411713,1083.16695219009,2.91820047565353e-05,1.05333936916208,0.993098273283162,1.11532921343566,0.958211542791551,0.051965469131462
34269,1,1.99459830838482,91,0.501354080065262,estimated,1141.94239411713,1085.12994151533,0.0018381193183182,1.05235543728751,0.992196584309322,1.1142598752882,0.955436492373163,0.0510309253949493
34275,12,8.73816393686311,70,1.37328620597016,estimated,1152.94239411713,1091.87350714381,0.0080029086516816,1.05593036791695,0.995851585952473,1.11774395496611,0.965729705789566,0.0544222436373832
34285,30,21.4364106719233,70,1.3994880233981,estimated,1170.94239411713,1104.57175387887,0.0194069879087947,1.06008721480084,1.00023057098976,1.12165872188128,0.975448824982091,0.0583511828533216
34286,7,3.42693896701572,91,2.04263923792486,estimated,1147.94239411713,1086.56228217396,0.0031539277805219,1.05649019200295,0.996250702813048,1.11847296570424,0.966752653107183,0.0549522745504774
34287,16,16.952145274745,84,0.943833346204067,estimated,1156.94239411713,1100.08748848169,0.0154098155394366,1.05168216731009,0.991947114936562,1.11313907193676,0.954474031300734,0.0503909463385577
34288,0,1.35355832785806,91,0,estimated,1140.94239411713,1084.4889015348,0.00124810712764553,1.052055389873,0.991887725522149,1.11396967096293,0.954466605270002,0.0507457648999793
34289,1,0.580352499424636,77,1.72309070951087,estimated,1141.94239411713,1083.71569570637,0.000535520987399154,1.05372875805108,0.993491397945946,1.11571398116206,0.959362946134124,0.0523350716976041
34291,0,0.910485697373516,84,0,estimated,1140.94239411713,1084.04582890432,0.000839895946367669,1.05248538732935,0.992293131171961,1.11442497410532,0.955750403461982,0.0511544027054346
34292,8,10.3305553967648,70,0.774401732796023,estimated,1148.94239411713,1093.46589860371,0.00944753321521627,1.05073454561707,0.990848931649113,1.11235243793309,0.95092616982024,0.049489486840677
34293,19,22.9503256200957,84,0.827874964151414,estimated,1159.94239411713,1106.08566882704,0.0207491392998823,1.04869127844971,0.989202063647614,1.10989300836591,0.944829273509656,0.0475429852886072
34420,9,9.22022058209602,84,0.976115475748634,estimated,1149.94239411713,1092.35556378904,0.00844067709062968,1.05271802720384,0.992745078726444,1.11442501491391,0.95705782893314,0.0513754168590522
34428,6,8.00788003254777,112,0.749261973907351,estimated,1146.94239411713,1091.14322323949,0.00733898159471054,1.05113826461019,0.99117819427569,1.11283430053868,0.952067588026449,0.0498736385325596
34429,15,11.5280861758388,112,1.30117000959256,estimated,1155.94239411713,1094.66342938278,0.010531169550753,1.05597973138547,0.995975019109784,1.11771482760197,0.966028963254781,0.054468991336111
34431,8,7.10551378232101,105,1.12588621246567,estimated,1148.94239411713,1090.24085698926,0.00651737984021542,1.05384272360694,0.993779961996866,1.11564288781787,0.960142228883222,0.0524432203957292
34432,10,9.07176040368284,112,1.10232188186323,estimated,1150.94239411713,1092.20710361063,0.00830589763946174,1.05377669703149,0.99376914130645,1.11551852778582,0.960095187125571,0.0523805652741925
34433,7,4.15888326726172,105,1.68314413994335,estimated,1147.94239411713,1087.29422647421,0.00382498422781828,1.05577898435053,0.995580047156295,1.11772003251256,0.965058526962002,0.0542788682561852
34434,9,5.62938298386655,105,1.59875425526979,estimated,1149.94239411713,1088.76472619081,0.00517043108437367,1.0561899797584,0.99601923545507,1.11810048230158,0.966167083451169,0.054668074177335
34436,10,8.13165796070734,98,1.2297615133741,estimated,1150.94239411713,1091.26700116765,0.00745157505175773,1.05468450240466,0.99462525149442,1.11647952238387,0.962502672485339,0.053241672350305
34442,14,14.2511103005125,105,0.982379597433649,estimated,1154.94239411713,1097.38645350746,0.0129864098968629,1.05244819673663,0.99261865189623,1.1140038316984,0.956618625487026,0.0511190661104877
34446,14,15.4028117288519,98,0.908924957757925,estimated,1154.94239411713,1098.5381549358,0.014021189577846,1.05134481576986,0.991577995898941,1.11283591613864,0.953294606232172,0.050070121597993
34448,11,9.91174566898472,112,1.10979441637819,estimated,1151.94239411713,1093.04708887593,0.00906799512103161,1.05388176396112,0.993893899361465,1.11560257092775,0.96044611035264,0.0524802654216945
34449,1,2.68289230727448,105,0.372732068778373,estimated,1141.94239411713,1085.81823551422,0.00247084845282961,1.05168835516594,0.991567636542226,1.11355355229575,0.953419224863875,0.0503968300911235
34450,13,12.6494142884444,98,1.02771556876557,estimated,1153.94239411713,1095.78475749539,0.0115437034526351,1.05307396021339,0.993183286428744,1.1146932470322,0.958347773058336,0.0517134683048412
34452,12,14.1203842599618,98,0.849835229627983,estimated,1152.94239411713,1097.25572746691,0.0128688180034018,1.05075085529859,0.990966769668965,1.11226123650783,0.951273623651946,0.0495050088914268
34453,8,9.45953564123925,98,0.845707474807078,estimated,1148.94239411713,1092.59487884818,0.00865786196180191,1.05157219419548,0.991638839245163,1.11323920847111,0.9535668373883,0.0502863720971193
34461,10,13.1927516683833,105,0.757991983125491,estimated,1150.94239411713,1096.32809487533,0.0120335798471748,1.04981565235543,0.99003365922805,1.11132540154003,0.948041689836334,0.0486145795700577
34465,20,21.955862439349,105,0.910918441725899,estimated,1160.94239411713,1105.09120564629,0.0198679188895622,1.0505398904502,0.990971107795048,1.11182272939037,0.951180396414477,0.0493042134046213
34470,10,14.0144349643422,91,0.713549995090319,estimated,1150.94239411713,1097.14977817129,0.0127734929570886,1.04902941878684,0.989292197910362,1.1104931017602,0.945327321353922,0.0478653736222884
34471,23,23.4194850814527,91,0.982088202196003,estimated,1163.94239411713,1106.5548282884,0.0211643241552501,1.05186147523978,0.992293551820688,1.11314118806208,0.955505783281557,0.0505614281165432
34472,11,13.3418949245821,91,0.824470591484929,estimated,1151.94239411713,1096.47723813153,0.0121679634201232,1.0505848676623,0.990784665261132,1.11211259120438,0.950664197385916,0.0493470259143835
34473,10,5.44794046614694,98,1.83555603482439,estimated,1150.94239411713,1088.58328367309,0.00500461521672879,1.05728464820223,0.997077331393131,1.1192320133246,0.968736033727515,0.0557039688384173
34474,10,9.0251877925231,84,1.10801018548162,estimated,1150.94239411713,1092.16053099947,0.0082636091823094,1.05382163285453,0.993811518248746,1.11556609644369,0.960217308524217,0.0524232070075973
34475,6,4.82914863618851,77,1.2424550271734,estimated,1146.94239411713,1087.96449184313,0.00443870059399401,1.05420939995393,0.994074142874337,1.11608569463894,0.960996870420107,0.052791102069612
34476,14,18.1333125476176,98,0.772059708519136,estimated,1154.94239411713,1101.26865575456,0.0164658391509319,1.04873809681416,0.989119463627524,1.11007673529363,0.944606555628015,0.0475876288556453
34479,4,6.4067693565392,84,0.624339628508293,estimated,1144.94239411713,1089.54211256348,0.00588024022446026,1.05084730632697,0.990852267212516,1.11258086189182,0.950992768148266,0.0495967971601877
34480,3,7.18962730297346,98,0.417267804515996,estimated,1143.94239411713,1090.32497050992,0.00659402242215094,1.0491756357576,0.989250243709757,1.11083829589824,0.945294399283511,0.0480047470078258
34481,26,26.8348756218137,105,0.968888410977576,estimated,1166.94239411713,1109.97021882876,0.0241762122682264,1.05132766115878,0.99186543730824,1.11249640748893,0.954094449395392,0.0500538046382483
34482,12,10.5330151082815,98,1.13927492523627,estimated,1152.94239411713,1093.66835831523,0.00963090412939023,1.05419744966675,0.994217264750789,1.11590959262796,0.961356596771876,0.0527797662240818
34484,5,3.13782175290899,98,1.59346208731093,estimated,1145.94239411713,1086.27316495985,0.0028886120490926,1.05493022481089,0.994727983365766,1.11687621456082,0.962814947734689,0.0534746271208292
34488,5,7.00277198709786,98,0.714002970425449,estimated,1145.94239411713,1090.13811519404,0.00642374749538171,1.05119009980965,0.991201297986474,1.1129164676931,0.952157971735706,0.0499229507145646
34491,10,15.4182736590021,84,0.648581042285587,estimated,1150.94239411713,1098.55361686595,0.014035067039321,1.04768886693091,0.988027984087359,1.10907400563009,0.940435198263135,0.0465866591209409
34498,0,0.643551279036311,105,0,estimated,1140.94239411713,1083.77889448598,0.000593803110865651,1.05274461416622,0.992537532674091,1.11469945664392,0.956509819036502,0.0514006720802658
34601,19,18.7381348175326,98,1.01397498657243,estimated,1159.94239411713,1101.87347802448,0.0170057045488814,1.05270016680751,0.992983539395486,1.11413585585694,0.957690139784594,0.0513584507319599
34602,6,3.37601085959394,91,1.77724546796087,estimated,1146.94239411713,1086.51135406654,0.00310720255886732,1.05561933598247,0.995403651935002,1.11757838615912,0.96460640456163,0.0541276430071852
34604,2,3.42814290241567,98,0.58340625141113,estimated,1142.94239411713,1086.56348610936,0.00315503230712342,1.05188735746095,0.991781188661423,1.11373680836227,0.954100645766833,0.0505860339257266
34606,23,24.0679543322804,98,0.955627540357759,estimated,1163.94239411713,1107.20329753922,0.0217376107764236,1.05124541870857,0.991712383161255,1.11248924109453,0.953628438118762,0.0499755743488623
34607,10,5.31632266586976,98,1.88099944802052,estimated,1150.94239411713,1088.45166587281,0.00488429834098943,1.05741249722302,0.99719790002211,1.11936735314741,0.969018489985273,0.0558248835719771
34608,29,21.2280923877927,98,1.36611427302232,estimated,1169.94239411713,1104.36343559474,0.0192220166872518,1.05938168216071,0.999539687045626,1.12093886393315,0.974083350327471,0.0576854192111124
34609,24,18.7688852300866,98,1.27871206551617,estimated,1164.94239411713,1101.90422843703,0.0170331365882032,1.05720838894458,0.997362994031095,1.11877279797994,0.969364149497806,0.0556318387757077
34610,7,4.5029226371488,91,1.55454591696746,estimated,1147.94239411713,1087.63826584409,0.00414009214143838,1.05544502263925,0.995265127441853,1.11736647774369,0.964238364800824,0.0539625003928405
34613,19,17.0526253579634,98,1.11419793733563,estimated,1159.94239411713,1100.18796856491,0.0154997380858536,1.05431292402713,0.994504809575372,1.11584273375231,0.962111320743278,0.052889297921846
34614,3,2.4014587954794,105,1.24924067223111,estimated,1143.94239411713,1085.53680200242,0.00221223158077145,1.05380341966018,0.993613704123282,1.11573806616446,0.959702065169105,0.0524059238629232
34637,2,0.985724454871935,91,2.02896457535878,estimated,1142.94239411713,1084.12106766182,0.000909238353791889,1.05425715652052,0.994015574417192,1.11624594816925,0.960861132387405,0.0528364018790366
34638,2,2.41078368912966,91,0.829605745641178,estimated,1142.94239411713,1085.54612689607,0.0022208026258846,1.05287317212874,0.992710672637137,1.11478058750264,0.957021470916267,0.0515227815756505
34639,6,4.81436752914343,91,1.24626962185156,estimated,1146.94239411713,1087.94971073609,0.0044251746947808,1.05422372265822,0.994087648568738,1.11610085800721,0.9610350237479,0.0528046881816265
34652,21,16.8777726190678,77,1.24424001163964,estimated,1161.94239411713,1100.01311582601,0.0153432467088304,1.05629867262502,0.996428754342457,1.11789056003718,0.967136569801026,0.0547709792193066
34653,23,24.710365082241,84,0.930783496053234,estimated,1163.94239411713,1107.84570828918,0.0223048795489766,1.05063582898613,0.991137315089009,1.11184413768135,0.951707210787475,0.0493955323125175
34654,6,9.44621545990547,91,0.635175010083884,estimated,1146.94239411713,1092.58155866685,0.00864577603838709,1.04975448745137,0.989873351904571,1.11136930327001,0.947528822976816,0.0485563153540386
34655,23,17.7156361899091,91,1.29828811979673,estimated,1163.94239411713,1100.85097939685,0.0160926742324519,1.05731149438123,0.997434931155009,1.1189087163202,0.969533679423178,0.0557293601445538
34661,0,0.238808011597598,91,0,estimated,1140.94239411713,1083.37415121854,0.000220429859184839,1.05313791438889,0.992908339826521,1.11511590289178,0.957641422450361,0.0517741974046048
34667,33,31.9107674087213,91,1.03413370093322,estimated,1173.94239411713,1115.04611061567,0.0286183388336308,1.05281959458067,0.993448215915877,1.11388972795029,0.958965287836193,0.051471893289449
34668,40,33.9551096423005,84,1.1780259413496,estimated,1180.94239411713,1117.09045284924,0.0303960252777157,1.05715915045646,0.997717450921714,1.11829649648949,0.97014309174746,0.0555852636299888
34669,5,5.8636546496825,91,0.852710519073755,estimated,1145.94239411713,1088.99899785663,0.00538444448638004,1.05228966819307,0.992238116739868,1.11408060323954,0.955523821595634,0.0509684264070761
34677,9,6.76091272762575,84,1.33118121214982,estimated,1149.94239411713,1089.89625593457,0.00620326264156984,1.05509344385358,0.994985168786672,1.11693967094421,0.963483897726126,0.0536293353787941
34679,0,0.135944613122669,84,0,estimated,1140.94239411713,1083.27128782007,0.000125494522610526,1.05323791643469,0.99300262269671,1.11522179013605,0.957925229613126,0.0518691491643147
34681,0,0.358177484487307,84,0,estimated,1140.94239411713,1083.49352069143,0.000330576489519509,1.05302188922093,0.99279895020592,1.1149930495521,0.957310157546646,0.0516640204200497
34683,8,10.5986148793498,84,0.754815614216446,estimated,1148.94239411713,1093.73395808629,0.00969030430205735,1.05047702471215,0.990606087902721,1.11207981531151,0.95009007392178,0.049244370251896
34684,26,26.6903933077948,84,0.974133265859625,estimated,1166.94239411713,1109.82573651474,0.0240491749557119,1.05146452791928,0.991994562997853,1.11264123748341,0.954514136656916,0.0501839808500531
34685,6,5.56245310453294,84,1.07866077920019,estimated,1146.94239411713,1088.69779631148,0.005109271942479,1.05349932552724,0.993404573216618,1.1153339427481,0.959065986731549,0.052117314040961
34688,3,2.33409925748954,84,1.28529238436358,estimated,1143.94239411713,1085.46944246443,0.00215031318817252,1.05386881414178,0.993675363491507,1.11580730404229,0.959880554577969,0.0524679776116705
34689,22,16.4866253772718,84,1.33441498769839,estimated,1162.94239411713,1099.62196858422,0.0149929938181379,1.05758381274834,0.997666457171879,1.11922375006886,0.970067794817713,0.0559868843517281
34690,9,10.0070697024514,77,0.899364176287824,estimated,1149.94239411713,1093.1424129094,0.00915440621850685,1.05196027574903,0.992030496085877,1.11362284647516,0.954820959903996,0.0506553529077308
34691,12,12.300386960544,77,0.975579064178424,estimated,1152.94239411713,1095.43573016749,0.0112287618723769,1.05249661149984,0.992613198386727,1.11410918832366,0.956621843380672,0.0511650670916285
34695,11,8.5235117309659,84,1.29054788063904,estimated,1151.94239411713,1091.65885493791,0.00780785287675855,1.05522195776322,0.995157808169278,1.11702125346149,0.963932523448714,0.0537511313053108
34698,31,36.4962250106146,91,0.84940291745198,estimated,1171.94239411713,1119.63156821756,0.032596638078646,1.04672146390339,0.987644358184505,1.10749036689039,0.938417692696843,0.0456628639294528
34705,0,0.747142222101559,77,0,estimated,1140.94239411713,1083.88248542905,0.000689320320372009,1.05264399919286,0.992442671930035,1.11459292040084,0.956216351588328,0.0513050935511616
34711,16,15.4423477835559,84,1.03611188041225,estimated,1156.94239411713,1098.5776909905,0.0140566733788602,1.05312751533668,0.993310367875163,1.11466888142765,0.958700584737466,0.0517643230059974
34714,3,2.06289751419895,105,1.45426516797415,estimated,1143.94239411713,1085.19824072114,0.0019009407099924,1.05413218635238,0.993923692765119,1.1160861552924,0.960592770899959,0.052717856252056
34715,3,2.61032273670052,84,1.14928317400018,estimated,1143.94239411713,1085.74566594364,0.00240417513841221,1.05360070042086,0.993422563526727,1.11552343261152,0.959144561175479,0.0522135362349212
34729,0,0.016705166683562,63,0,estimated,1140.94239411713,1083.15204837363,1.54227347016009e-05,1.05335386276588,0.993111937989259,1.11534455999935,0.958252313590698,0.0519792287083886
34731,5,6.44248058278576,91,0.776098575036445,estimated,1145.94239411713,1089.57782378973,0.00591282278523049,1.05173065117217,0.991711001428559,1.11348876048114,0.953837864472726,0.0504370465255203
34734,2,0.489050064944493,77,4.08956085145802,estimated,1142.94239411713,1083.62439327189,0.000451309575514315,1.05474037056894,0.994471177006122,1.11675757450284,0.962132618426768,0.0532946423944196
34736,2,4.53517159491658,98,0.440997646537074,estimated,1142.94239411713,1087.67051480186,0.00416961895463604,1.05081674878843,0.990771755917233,1.11260324945269,0.950745626619273,0.0495677177852377
34737,3,0.96879920604168,77,3.09661690605363,estimated,1143.94239411713,1084.10414241299,0.000893640350718833,1.05519603639827,0.994926779265897,1.11721253044999,0.963363411521252,0.0537265661575387
34739,0,0.642756038819949,126,0,estimated,1140.94239411713,1083.77809924576,0.000593069779936745,1.0527453866351,0.992538260965023,1.1147002745732,0.956512065824321,0.0514014058466384
34741,9,9.49367245171815,77,0.947999843661258,estimated,1149.94239411713,1092.62901565866,0.00868883428470472,1.0524545638429,0.992496624773689,1.11414610816741,0.956290702752354,0.0511251158970942
34743,11,8.2637942291642,91,1.33110768431035,estimated,1151.94239411713,1091.39913743611,0.0075717434123847,1.05547306627276,0.995394623364536,1.11728706819366,0.964556283207853,0.0539890704749843
34744,14,12.2080189794038,98,1.14678720795073,estimated,1154.94239411713,1095.34336218635,0.0111453808922858,1.05441127776757,0.994470135753139,1.11608172949629,0.962048705163701,0.0529825806189667
34746,13,13.1974937115603,91,0.985035513872814,estimated,1153.94239411713,1096.3328369185,0.0120378531657,1.05254750679598,0.992686773595831,1.11413598886095,0.956839136500656,0.0512134226540668
34747,3,1.87843821480626,70,1.59707142686586,estimated,1143.94239411713,1085.01378142175,0.00173125747061466,1.05431139558261,0.994092666165417,1.11627589709457,0.961071352298411,0.0528878482140901
34748,35,35.3792173037868,91,0.989281354063583,estimated,1175.94239411713,1118.51456051073,0.0316305379946347,1.05134294682778,0.992104550830923,1.11227482996449,0.954769887783249,0.0500683439283755
34753,0,0.624599471163415,70,0,estimated,1140.94239411713,1083.75994267811,0.000576326404554085,1.05276302360624,0.992554889267452,1.11471894949387,0.956563338290053,0.0514181590175684
34756,0,0.780502587395725,84,0,estimated,1140.94239411713,1083.91584579434,0.000720076738820752,1.05261160130102,0.992412126892616,1.11455861586776,0.956121508152826,0.0512743154434231
34758,8,5.2430817608917,77,1.52582018836178,estimated,1148.94239411713,1088.37842496784,0.00481733342063138,1.05564605817236,0.99548051722749,1.11755197475959,0.964795845817669,0.0541529569160489
34759,7,8.07149991059704,112,0.867248972004538,estimated,1147.94239411713,1091.20684311754,0.00739685602368204,1.05199339736314,0.992010308671933,1.1137123505324,0.954778954556597,0.0506868380250456
34760,0,0.374260503584423,84,0,estimated,1140.94239411713,1083.50960371053,0.00034541503121223,1.05300625874466,0.992784213645744,1.11497649921009,0.95726536740705,0.0516491768612969
34761,6,6.94462149709676,84,0.863977972378816,estimated,1146.94239411713,1090.07996470404,0.00637074501133708,1.0521635396065,0.992144984519837,1.11391975353929,0.955218681350206,0.050848558133217
34762,3,0.575177213132126,84,5.21578381671886,estimated,1143.94239411713,1083.71052042008,0.000530748020153179,1.05557930144824,0.995288153502166,1.11761832093966,0.964320801655,0.0540897171261008
34769,15,13.3679271688925,91,1.12208869860582,estimated,1155.94239411713,1096.50327037584,0.0121914156847982,1.05420788550947,0.994303856134058,1.11583939538583,0.961578390205688,0.0527896654996607
34771,8,4.40975843973217,112,1.81415832847431,estimated,1148.94239411713,1087.54510164668,0.00405478212632769,1.05645493908942,0.996243296747631,1.11840829062342,0.966730210997455,0.054918906042209
34772,7,5.59856966895876,105,1.25031935188937,estimated,1147.94239411713,1088.7339128759,0.00514227544742321,1.05438287587169,0.994263542692954,1.11624201633921,0.961521992556335,0.0529556439966018
34773,0,0.577359109829805,119,0,estimated,1140.94239411713,1083.71270231677,0.000532760305010285,1.05280891483325,0.992598155948291,1.11476754145542,0.956696514744666,0.0514617492898149
34785,8,10.1083447786993,98,0.791425319885991,estimated,1148.94239411713,1093.24368798564,0.00924619541808146,1.05094811590828,0.991050329705128,1.11257853255907,0.951610847899435,0.0496927242711919
34786,1,3.26041720214722,77,0.306709214802765,estimated,1141.94239411713,1086.39576040909,0.00300113211130305,1.05112928062893,0.991040522008166,1.11296159039599,0.951671321396941,0.0498650915887804
34787,8,14.5048890505881,91,0.551538172549871,estimated,1148.94239411713,1097.64023225753,0.013214611331033,1.04673859462502,0.987080726075296,1.10812215365586,0.936591591257316,0.0456792298701946
34788,21,12.683107110068,84,1.65574569525869,estimated,1161.94239411713,1095.81845031701,0.0115740952403192,1.06034206102388,1.0002429676611,1.12216971501369,0.975470918334128,0.0585915551469567
34797,0,0.737535537187749,77,0,estimated,1140.94239411713,1083.87287874413,0.00068046313516242,1.05265332908701,0.992451468242066,1.11460279936654,0.956243633040186,0.0513139568067416
34945,2,2.01686034435866,119,0.991640301518237,estimated,1142.94239411713,1085.1522035513,0.00185859673671419,1.05325537779558,0.993071038590664,1.11518526630832,0.958111760025434,0.0518857277700339
34946,2,3.57983766764042,112,0.558684551000398,estimated,1142.94239411713,1086.71518087458,0.00329418207331877,1.05174052431779,0.991642745749042,1.11358134164327,0.953651939092202,0.050446434004395
34947,4,6.14552641323261,112,0.65087996227421,estimated,1144.94239411713,1089.28086962018,0.00564181983235922,1.05109933172366,0.991089903959739,1.11284769288751,0.951797506278436,0.0498365990593734
34949,2,5.47282220724316,119,0.365442165717177,estimated,1142.94239411713,1088.60816541419,0.00502735730000785,1.049911649048,0.98991837471624,1.11164493116033,0.947755165382492,0.0487060168653419
34950,12,10.5876459008409,105,1.13339642375525,estimated,1152.94239411713,1093.72298910778,0.00968037245836614,1.05414479315065,0.994167604208138,1.11585385362816,0.961216750083756,0.0527298155898386
34951,11,11.6850823962575,119,0.941371196793875,estimated,1151.94239411713,1094.8204256032,0.0106730584514073,1.05217473768126,0.992284038498869,1.1137955722951,0.955603939220013,0.0508592009798345
34952,56,40.8278455782706,112,1.37161290797583,estimated,1196.94239411713,1123.96318878521,0.0363248956777646,1.06493024510064,1.00544740320919,1.12609836643552,0.983991421040593,0.0629092994582424
34953,24,12.2814652980323,112,1.95416421555538,estimated,1164.94239411713,1095.41680850498,0.0112116823502043,1.06346952600357,1.00326970690672,1.12539853979137,0.980735715172237,0.0615367008080896
34956,2,2.66058741353584,126,0.751713696691536,estimated,1142.94239411713,1085.79593062048,0.00245035677377741,1.0526309427813,0.992482284579778,1.11452411542092,0.956318410243816,0.0512926900296007
34957,26,17.2329624954263,112,1.50873652785471,estimated,1166.94239411713,1100.36830570237,0.0156610858438225,1.06050164119573,1.00052054461435,1.12220415152588,0.976001754222844,0.0587420425892796
34972,7,10.5682497763107,140,0.662361332118673,estimated,1147.94239411713,1093.70359298325,0.00966280978147291,1.04959186518345,0.989745708262047,1.11116992388273,0.947050197959411,0.0484013887807852
34974,22,19.2337263420884,140,1.14382411440774,estimated,1162.94239411713,1102.36906954903,0.0174476288145101,1.05494831653149,0.995180274855295,1.11643464728234,0.96393022276334,0.0534917766583446
34981,0,2.46985858187627,105,0,estimated,1140.94239411713,1085.60520178882,0.00227509833022772,1.05097358803839,0.9908677925685,1.11282420424574,0.951100776407348,0.04971696126352
34982,19,17.5451317532153,112,1.08292147743593,estimated,1159.94239411713,1100.68047496016,0.0159402589146958,1.05384116508392,0.99405981214881,1.11534344290908,0.960859810485947,0.0524417414993601
34983,14,18.5182305297369,112,0.756011757036858,estimated,1154.94239411713,1101.65357373668,0.0168094861862294,1.04837166751042,0.988773865086303,1.10968887425715,0.94328650702547,0.0472381675983356
34984,3,5.15858330843209,112,0.581555016296098,estimated,1143.94239411713,1088.29392651538,0.0047400644097587,1.05113367468652,0.991096446024805,1.11291141364228,0.951832760122205,0.0498692719008366
34986,6,10.8120641554469,105,0.554935663878515,estimated,1146.94239411713,1093.94740736239,0.00988353195288955,1.04844381585264,0.988637444933769,1.10998170245583,0.942913307875026,0.0473069846619544
34987,2,2.51790417540524,119,0.794311403720561,estimated,1142.94239411713,1085.65324738235,0.00231925265408291,1.05276928602472,0.992612722715981,1.11467059304639,0.95672109999481,0.0514241075546172
34990,21,18.5180323329628,119,1.13402977284035,estimated,1161.94239411713,1101.65337553991,0.0168093093019275,1.05472594185778,0.994945164331476,1.11622612466133,0.963304776430804,0.0532809624308459
34994,12,17.1318205968036,105,0.700450949284335,estimated,1152.94239411713,1100.26716380375,0.0155706006326472,1.04787494532808,0.988254489018448,1.1092169723383,0.941295865326331,0.0467642518017961
34996,11,12.8049684006138,105,0.859041557609211,estimated,1151.94239411713,1095.94031160756,0.0116840016422346,1.05109957350454,0.99127007360015,1.11265744090243,0.952310395413384,0.0498368290860163
34997,24,26.8859435087227,112,0.892659764468135,estimated,1164.94239411713,1110.02128671567,0.0242211062350641,1.04947752629498,0.990069752320877,1.11059174405743,0.947952358610168,0.0482924463236741
