zip,rate_ratio_eb,centered_log_rr,neighbor_count,spatial_lag_centered_log_rr,local_moran_i,permutation_p_value,fdr_p_value,lisa_cluster
31562,1.05335840810057,-7.71191651871561e-06,5,-0.000543255219107551,0.000621563821339085,0.9856,0.998525051334702,Not significant
31792,1.05335799250747,-8.1064576155504e-06,3,0.00210081918532571,-0.00252661629219139,0.9558,0.998525051334702,Not significant
32003,1.0569199735083,0.00336773733261359,5,-0.00108402014437635,-0.54162046420897,0.1259,0.853131724137931,Not significant
32008,1.05482254677698,0.00138129495068414,6,0.000739762693834639,0.15159970331784,0.4157,0.929389979123173,Not significant
32009,1.05283010180871,-0.000509382398961991,7,0.000186621835852087,-0.0141034671993526,0.8327,0.986923913043478,Not significant
32011,1.05344506427463,7.45512610800803e-05,5,-0.000472599097798258,-0.00522717913333991,0.9186,0.997278131868132,Not significant
32013,1.05333799997051,-2.70864500111628e-05,1,0.00171021531026166,-0.0068726207744166,0.9089,0.997278131868132,Not significant
32024,1.05576527337298,0.00227462585091076,7,0.0010465733236426,0.353182464139012,0.1824,0.860118483412322,Not significant
32025,1.06049869663283,0.00674801028724203,7,0.000387900675127548,0.388343260407312,0.1702,0.860118483412322,Not significant
32026,1.05330717573942,-5.63502590755702e-05,3,0.00070336850950425,-0.00588028450165367,0.9209,0.997278131868132,Not significant
32033,1.05202571669961,-0.00127369617397716,5,0.000179318703541932,-0.0338852688366096,0.7467,0.983976334951456,Not significant
32034,1.05453669849305,0.00111026640367726,2,-0.000314458370101182,-0.0517976263525282,0.7302,0.983976334951456,Not significant
32038,1.05456591679003,0.00113797325564931,4,0.000855264414391805,0.144394934783879,0.467,0.933090697674419,Not significant
32040,1.05280538343848,-0.000532860698417251,8,-9.82125069705379e-05,0.00776425852674096,0.8755,0.994804152249135,Not significant
32043,1.05166119309891,-0.00162025307144022,8,7.61193819733257e-06,-0.00182977465600457,0.9532,0.998525051334702,Not significant
32044,1.05292825234889,-0.000416161313020108,4,0.000254926429711181,-0.0157396862042934,0.845,0.990706007067138,Not significant
32046,1.05287260468541,-0.000469013094613842,4,-0.000697548250248693,0.048537647447042,0.698,0.983976334951456,Not significant
32052,1.05578085961068,0.00228938871823486,4,-0.00112535101585731,-0.382232003377122,0.2275,0.895357142857143,Not significant
32053,1.05227386997502,-0.00103784261193292,3,0.000561393878957555,-0.0864407790211991,0.6165,0.965347393364929,Not significant
32054,1.05271910195496,-0.000614817934406077,9,0.0010572371608432,-0.096435835678654,0.4767,0.933090697674419,Not significant
32055,1.05244585670036,-0.000874413036450576,5,0.00210232228378455,-0.272731573745515,0.2804,0.906841071428571,Not significant
32058,1.0533516324199,-1.4144392314841e-05,5,0.000554040302431778,-0.00116263971022437,0.9715,0.998525051334702,Not significant
32059,1.05346301256564,9.15888254710631e-05,7,0.000631440303489934,0.00858013832201413,0.873,0.994804152249135,Not significant
32060,1.04959581580345,-0.00358610299066647,8,0.00110783992222289,-0.589412403004265,0.0791,0.73618407079646,Not significant
32061,1.05326159451115,-9.96255880524252e-05,2,0.00306659617641798,-0.0453259576587607,0.7551,0.983976334951456,Not significant
32062,1.0523899489303,-0.000927536201619887,4,-0.000109997246453596,0.0151367341632453,0.8439,0.990706007067138,Not significant
32063,1.05263293201297,-0.000696675923610654,4,4.63018837315414e-05,-0.00478573848587924,0.9295,0.998472746781116,Not significant
32064,1.05843126957945,0.004796621857795,3,-0.000594766284977915,-0.423254247644952,0.2295,0.895357142857143,Not significant
32065,1.05011151391585,-0.00309489346306316,5,-0.000116575659330806,0.0535270224014868,0.6653,0.978213901345292,Not significant
32066,1.0551695564545,0.00171021531026166,7,0.000274398734039289,0.0696229457627279,0.5834,0.965347393364929,Not significant
32068,1.05144789040382,-0.00182309818061863,6,-0.000155508510080936,0.0420613995329983,0.6992,0.983976334951456,Not significant
32071,1.05272906491846,-0.000605353950763679,6,0.000331745029203253,-0.0297943082308374,0.7463,0.983976334951456,Not significant
32072,1.05334670785945,-1.88195376341072e-05,5,0.000843514927606821,-0.00235516437264307,0.9519,0.998525051334702,Not significant
32073,1.0520613277315,-0.00123984678358825,6,-9.28721842282041e-05,0.0170833555745708,0.818,0.983976334951456,Not significant
32079,1.05477312789624,0.00133444343183819,1,-0.00162025307144022,-0.320776484010987,0.3898,0.929389979123173,Not significant
32080,1.04924062959301,-0.00392456310708725,3,-0.000466522520453194,0.271633563614669,0.342,0.921708791208791,Not significant
32081,1.05424557169301,0.000834157479578282,6,0.00134105016391661,0.165963495345041,0.3822,0.929389979123173,Not significant
32082,1.05551136383455,0.00203409883026611,5,-0.00102308953399724,-0.308748739364179,0.2491,0.906841071428571,Not significant
32083,1.05319763889936,-0.000160348920170014,5,0.000213285111356773,-0.00507394880143394,0.918,0.997278131868132,Not significant
32084,1.05091061209847,-0.00233421777930024,6,-0.000125727878194197,0.0435404045671214,0.6957,0.983976334951456,Not significant
32086,1.05581919311064,0.00232569625659638,5,-0.00183485699750697,-0.633103504219645,0.1085,0.818757692307692,Not significant
32087,1.05283119508809,-0.000508343979934017,3,-0.000186464050856691,0.0140628162023288,0.8728,0.994804152249135,Not significant
32091,1.05577580256209,0.0022845988409976,9,-0.00020706252451071,-0.0701828431538373,0.5518,0.965347393364929,Not significant
32092,1.05310629762957,-0.000247080249172638,7,-0.000689865442712748,0.025288433177472,0.7664,0.983976334951456,Not significant
32094,1.05492333688435,0.001476842104705,5,-0.000616494732825421,-0.135077476014638,0.4538,0.929389979123173,Not significant
32095,1.05371544026744,0.000331177174209385,5,4.81749465044646e-05,0.00236701569854811,0.9553,0.998525051334702,Not significant
32096,1.05339913660128,3.09527136990659e-05,4,-0.000173571301044295,-0.000797069425544143,0.9825,0.998525051334702,Not significant
32097,1.05089649618612,-0.00234764994659414,5,0.000778530544610009,-0.27116179357402,0.2813,0.906841071428571,Not significant
32102,1.05196424276765,-0.00133213174939992,5,-0.00126447685489586,0.249906507164013,0.3019,0.906841071428571,Not significant
32110,1.05152486611181,-0.00174989161358809,11,0.000475031800343992,-0.123325627712826,0.3868,0.929389979123173,Not significant
32112,1.0504775372163,-0.00274639759334113,10,-0.000439697519095305,0.179158297205728,0.3044,0.906841071428571,Not significant
32113,1.05200842610264,-0.00129013183594794,7,0.000325271993682608,-0.0622587310738444,0.5989,0.965347393364929,Not significant
32114,1.04670574914716,-0.00634340521820798,4,0.00205728384779583,-1.93613739229335,0.011,0.646305882352941,Not significant
32117,1.05358093653876,0.0002035219185514,5,-0.00106772340799232,-0.0322395857583947,0.7432,0.983976334951456,Not significant
32118,1.05352487291763,0.000150308054411158,6,-0.000266391109157388,-0.00594047921184987,0.8999,0.997278131868132,Not significant
32119,1.05976102805907,0.00605218175743118,6,-0.000970263656145506,-0.871206741114535,0.0493,0.73618407079646,Not significant
32124,1.05528870063471,0.00182312366078959,6,0.00161169268382443,0.435931109607345,0.1543,0.860118483412322,Not significant
32127,1.05279575991758,-0.000542001575764582,6,0.000648821775387155,-0.0521729588393014,0.6633,0.978213901345292,Not significant
32128,1.05541865210493,0.00194625913024396,6,0.00105535106450383,0.304731336558362,0.2355,0.895447674418605,Not significant
32129,1.05036254942019,-0.00285586598834518,3,0.00248547977063685,-1.05309501768513,0.0696,0.73618407079646,Not significant
32130,1.0525462445271,-0.000779032320527957,6,0.000452054951428813,-0.0522475833655132,0.6543,0.978213901345292,Not significant
32131,1.05484539683037,0.00140295717810066,6,-0.000880555969033606,-0.183282450106912,0.3557,0.925443367346939,Not significant
32132,1.05536163693334,0.00189223629148478,3,-0.00133655873599693,-0.375217354875554,0.256,0.906841071428571,Not significant
32133,1.05330323292543,-6.00935368747016e-05,2,-0.000501042563030227,0.00446706104068247,0.9383,0.998472746781116,Not significant
32134,1.05429176308737,0.000877971163696159,10,-0.000781311740893844,-0.101771014470228,0.4416,0.929389979123173,Not significant
32136,1.05699925835996,0.00344274951898971,5,0.000343907216578844,0.175657305460795,0.3936,0.929389979123173,Not significant
32137,1.05190226886755,-0.00139104603865572,6,0.000945391073081436,-0.19510684312143,0.3508,0.925243431635389,Not significant
32139,1.05292172474563,-0.000422360808078837,3,-0.00073746604860214,0.0462109763297597,0.7333,0.983976334951456,Not significant
32140,1.05296663824085,-0.000379705655009263,6,-0.000616160895970302,0.0347104863606352,0.7249,0.983976334951456,Not significant
32141,1.05062111966592,-0.00260972390657259,4,-0.000307358409822893,0.119003344095978,0.5146,0.942305,Not significant
32145,1.05310242047913,-0.000250761888514493,5,-0.000137196078304788,0.00510414179016039,0.9248,0.997278131868132,Not significant
32147,1.05329221971476,-7.05494700777298e-05,3,-0.000926563175538133,0.00969813651207826,0.8931,0.997278131868132,Not significant
32148,1.05219684699716,-0.00111104199387267,7,7.33098856234472e-05,-0.0120840500996983,0.8525,0.990706007067138,Not significant
32157,1.05329029691883,-7.23749821733358e-05,2,-0.00124243104726863,0.0133407506307911,0.8777,0.994804152249135,Not significant
32159,1.06117720551438,0.00738760741326001,6,0.000628470720812253,0.688824140595055,0.0788,0.73618407079646,Not significant
32162,1.05825518937989,0.0046302484214121,6,0.000308758476901579,0.212100983964041,0.3202,0.918471671388102,Not significant
32163,1.05572756575256,0.00223890930030326,7,4.9476243389017e-05,0.0164343570704152,0.8161,0.983976334951456,Not significant
32164,1.05952465937448,0.00582911727209237,3,0.000100603955581966,0.0870036255338844,0.6201,0.965347393364929,Not significant
32168,1.04900928061759,-0.0041450792383981,9,0.00110365569904867,-0.678712657134985,0.0576,0.73618407079646,Not significant
32169,1.05626212895712,0.0027451269369799,5,-0.00142525721172173,-0.580463852116824,0.1162,0.838899264705882,Not significant
32174,1.05527680451965,0.00181185074361793,8,0.000788754088670454,0.212023277237704,0.2881,0.906841071428571,Not significant
32176,1.05044172002289,-0.00278049428057227,4,0.00140210755889255,-0.578392746249264,0.1395,0.860118483412322,Not significant
32177,1.05200967794945,-0.00128894187773246,11,-0.000504821867894157,0.0965363767423609,0.4504,0.929389979123173,Not significant
32179,1.05263079527931,-0.000698705820038857,8,-0.00192748295511494,0.199804105680054,0.3068,0.906841071428571,Not significant
32180,1.05202208178175,-0.00127715134059922,4,-0.00105125684991936,0.199191454688446,0.3855,0.929389979123173,Not significant
32181,1.05364206031396,0.000261535498803867,5,-0.000895542686246673,-0.0347485300383625,0.7409,0.983976334951456,Not significant
32182,1.0533617978264,-4.49390415507844e-06,3,-3.47928907754013e-05,2.31971067136909e-05,0.9991,0.9996,Not significant
32187,1.05286844488178,-0.000472964011216784,6,-0.000811625309197688,0.0569512391596199,0.6486,0.978213901345292,Not significant
32189,1.05257784125349,-0.000749013447428962,5,-0.000936746276111933,0.104095292822907,0.5312,0.950925547445256,Not significant
32190,1.0530042655586,-0.000343971716161448,4,-0.00154895033890182,0.0790459690980966,0.607,0.965347393364929,Not significant
32193,1.0529063494747,-0.000436963397073151,5,-0.000728969251200506,0.0472578293596561,0.694,0.983976334951456,Not significant
32195,1.05304701040717,-0.000303379306021596,6,0.00127116207716137,-0.0572145363078224,0.6401,0.975059161490683,Not significant
32202,1.05354079184051,0.00016541809407121,5,-0.00306891480683617,-0.0753160172477227,0.6022,0.965347393364929,Not significant
32204,1.05379779435392,0.000409330027699016,5,-0.00110055807418964,-0.0668353259186853,0.6251,0.965860157480315,Not significant
32205,1.05496403582369,0.00151542135767278,6,-0.000141597682775339,-0.0318353076373314,0.7427,0.983976334951456,Not significant
32206,1.0472855900481,-0.00578959116472985,5,-0.00246293389574129,2.11553470166375,0.0064,0.5886,Not significant
32207,1.04923765322556,-0.00392739979829619,7,-0.000630284882735344,0.367249747008636,0.1737,0.860118483412322,Not significant
32208,1.04823984479863,-0.00487883646748182,6,-0.00130737328505831,0.946314225512905,0.0396,0.73618407079646,Not significant
32209,1.05003044819077,-0.00317209369674841,6,-0.00177881347223751,0.837135806008391,0.0543,0.73618407079646,Not significant
32210,1.05407091366914,0.000668472654284713,7,-0.000185179210530611,-0.0183651878626087,0.8068,0.983976334951456,Not significant
32211,1.05035314513179,-0.00286481940210541,6,-0.00229974482396766,0.977454162453953,0.0388,0.73618407079646,Not significant
32212,1.05336033608809,-5.88159386336745e-06,6,-0.000769023448683185,0.000671048817754145,0.9818,0.998525051334702,Not significant
32216,1.05026645634002,-0.00294735580398937,6,-0.000229549044656222,0.10037546208557,0.5217,0.944257749077491,Not significant
32217,1.05193654558977,-0.00135846110678035,6,-0.00150552491947694,0.303427303984685,0.232,0.895447674418605,Not significant
32218,1.05490358135313,0.00145811494651477,5,-0.00118565338838804,-0.256489156634818,0.2969,0.906841071428571,Not significant
32219,1.05284517571013,-0.000495064995336081,7,-0.000778096816015033,0.0571498847430401,0.6319,0.9687375,Not significant
32220,1.05512195847157,0.0016651049711397,6,0.000346840426786593,0.0856822436669618,0.5536,0.965347393364929,Not significant
32221,1.05380802925502,0.000419042376168292,8,5.6666989378589e-05,0.00352295896571615,0.9236,0.997278131868132,Not significant
32222,1.05375772163765,0.000371302354436755,4,-7.94141239155877e-05,-0.0043746665289429,0.9343,0.998472746781116,Not significant
32223,1.05263909707708,-0.000690819137385459,6,0.000260999226487914,-0.0267499565756826,0.7645,0.983976334951456,Not significant
32224,1.05514992175596,0.00169160703910091,8,-0.000104219783664332,-0.026155868907495,0.7565,0.983976334951456,Not significant
32225,1.05364549754944,0.000264797735580316,8,-0.000394629622348638,-0.0155032749684107,0.8206,0.983976334951456,Not significant
32226,1.05517854431746,0.00171873320639178,7,-0.00126338891878195,-0.322155115670855,0.2038,0.881237288135593,Not significant
32227,1.05334933949749,-1.6321181934946e-05,1,-0.00288607709672801,0.00698842060197847,0.9056,0.997278131868132,Not significant
32233,1.0503308172827,-0.00288607709672801,5,0.000341532972207392,-0.14623794212591,0.4435,0.929389979123173,Not significant
32234,1.05466841428684,0.00123516254882412,7,-0.000213144892373626,-0.039058768496174,0.6976,0.983976334951456,Not significant
32244,1.05514793269245,0.0016897219369478,5,-0.000660169366358661,-0.1654969945851,0.412,0.929389979123173,Not significant
32246,1.05933104655222,0.00564636502308413,4,-3.21819371819927e-05,-0.0269588048250201,0.788,0.983976334951456,Not significant
32250,1.04744418160012,-0.00563817158357455,3,0.000591517977088641,-0.494795495685275,0.2057,0.881237288135593,Not significant
32254,1.05327790888061,-8.41363276475604e-05,6,5.69566734325486e-05,-0.000710964096439771,0.979,0.998525051334702,Not significant
32256,1.05427516035465,0.000862223280580166,7,0.000479483226229759,0.0613356066043741,0.61,0.965347393364929,Not significant
32257,1.04949389947209,-0.00368320825557757,5,0.000396067930148653,-0.216429001168418,0.3414,0.921708791208791,Not significant
32258,1.05671446575774,0.00317327820819227,5,-0.000544746036330755,-0.256461234976191,0.2933,0.906841071428571,Not significant
32259,1.05331798979448,-4.60835488491906e-05,7,0.000735456819513602,-0.00502831639266346,0.9148,0.997278131868132,Not significant
32266,1.05131325717098,-0.0019511519381011,4,-0.00164196097640533,0.475306137145413,0.1772,0.860118483412322,Not significant
32277,1.05171999844692,-0.00156433800644205,5,-0.002309943218469,0.536106906759173,0.1408,0.860118483412322,Not significant
32301,1.05363890890941,0.000258544531204691,7,0.000470541715887116,0.0180489935104259,0.8044,0.983976334951456,Not significant
32303,1.05432745386493,0.000911823437517889,6,0.000406225959097281,0.0549538248056594,0.6416,0.975828837209302,Not significant
32304,1.05640466270242,0.00288005947445749,5,-0.000171580190950378,-0.0733142006949209,0.6092,0.965347393364929,Not significant
32305,1.0543511035811,0.000934254277997274,4,0.000572874927675585,0.0794043713265606,0.6107,0.965347393364929,Not significant
32308,1.05315123341623,-0.000204411405495049,6,0.00115912445113684,-0.0351523766147304,0.7234,0.983976334951456,Not significant
32309,1.06030375538243,0.00656417303190011,5,0.000121277626241773,0.118108243169085,0.4873,0.933090697674419,Not significant
32310,1.0516986110481,-0.00158467385278997,7,0.000414718479422674,-0.0975018330607028,0.5018,0.941053977272727,Not significant
32311,1.05377487473751,0.000387580252000468,6,0.000670741540265446,0.0385688194352337,0.7106,0.983976334951456,Not significant
32312,1.05100122737092,-0.00224799601604458,5,0.00188989010366024,-0.630306214563813,0.1074,0.818757692307692,Not significant
32313,1.05335728057302,-8.78232915183658e-06,1,0.00288005947445749,-0.00375258611405096,0.9356,0.998472746781116,Not significant
32317,1.05450543728619,0.00108062147024244,4,0.00218340560463179,0.350047930019602,0.2461,0.906841071428571,Not significant
32320,1.0527442775833,-0.000590903361882986,2,-0.000604093896073653,0.0529590772480268,0.7357,0.983976334951456,Not significant
32321,1.05321459725984,-0.000144247266193838,6,0.000424701614793741,-0.00908889328614121,0.8766,0.994804152249135,Not significant
32322,1.05247385886406,-0.000847806640499896,3,-0.000729897556359482,0.0918075133707736,0.6056,0.965347393364929,Not significant
32324,1.05191247728077,-0.00138134136932992,5,-0.000386329098847457,0.0791731529892743,0.5863,0.965347393364929,Not significant
32327,1.05677445774538,0.00323004878028715,5,0.000481086855470761,0.230543070563237,0.3302,0.918471671388102,Not significant
32328,1.05228264883142,-0.0010294998980994,2,-0.000496026953346867,0.0757619396705229,0.6651,0.978213901345292,Not significant
32330,1.05322643330793,-0.000133009308026066,2,-0.000478082392259476,0.00943418273525047,0.9059,0.997278131868132,Not significant
32331,1.05870005040626,0.00505053225599961,4,-2.25860896433741e-05,-0.0169237927259243,0.8422,0.990706007067138,Not significant
32332,1.05302313294867,-0.000326054199904648,3,-0.000536412836419954,0.0259482731975757,0.8101,0.983976334951456,Not significant
32333,1.0556716797717,0.00218597191199379,5,-0.000399776491997859,-0.129652630078115,0.4633,0.933090697674419,Not significant
32334,1.05298258435505,-0.000364561781616195,6,-0.000499979810111125,0.0270422676113535,0.762,0.983976334951456,Not significant
32336,1.05315487777292,-0.000200950980942784,2,0.00351840639806061,-0.104895204342288,0.5969,0.965347393364929,Not significant
32340,1.05436200928606,0.000944597747570656,3,0.00148177505821247,0.207658009593743,0.4112,0.929389979123173,Not significant
32343,1.052908613916,-0.000434812741532661,5,0.000963671511198035,-0.06216569354819,0.6305,0.9687375,Not significant
32344,1.05546089229265,0.00198628054012161,7,0.00230055690741021,0.677942826024446,0.0731,0.73618407079646,Not significant
32346,1.05372979090345,0.000344796162544361,2,0.00121720889546215,0.0622654372509587,0.7083,0.983976334951456,Not significant
32347,1.05039993702945,-0.00282027166532298,2,0.00355723557975792,-1.48841169130577,0.044,0.73618407079646,Not significant
32348,1.0555428608409,0.00206393890351622,3,-0.000566558740548578,-0.17348474106307,0.4572,0.931339419087137,Not significant
32350,1.05263280571469,-0.000696795906833261,3,-5.52012963732848e-07,5.70655975037102e-05,0.9988,0.9996,Not significant
32351,1.05381449355317,0.00042517658481097,12,-0.00011434561917365,-0.00721287441596265,0.8722,0.994804152249135,Not significant
32352,1.05267883012403,-0.00065307372474091,4,0.000225938231892549,-0.0218912942164296,0.8174,0.983976334951456,Not significant
32355,1.053298838367,-6.42657139465833e-05,1,0.00323004878028715,-0.030796964948639,0.8043,0.983976334951456,Not significant
32356,1.05331592162731,-4.80470292249235e-05,2,0.00161629068820919,-0.0115214068269105,0.8953,0.997278131868132,Not significant
32358,1.05252877380555,-0.000795630989362854,5,0.00015556053358509,-0.0183624495444987,0.8233,0.983976334951456,Not significant
32359,1.0545982599972,0.00116864247290217,4,0.00054945563774858,0.0952650941624834,0.5796,0.965347393364929,Not significant
32360,1.05331102406999,-5.26966966311604e-05,1,-0.000364561781616195,0.002850191435165,0.9482,0.998472746781116,Not significant
32399,1.05333404603942,-3.08401724782859e-05,2,0.000323062391602579,-0.00147816427919388,0.9714,0.998525051334702,Not significant
32401,1.04481282473879,-0.00815350143140546,4,-0.000860311183040202,1.04068482314441,0.0544,0.73618407079646,Not significant
32404,1.04875030288629,-0.00439198811646825,7,-0.00155954843546955,1.01620078188783,0.0295,0.73618407079646,Not significant
32405,1.05242296166989,-0.000896167390233168,6,-0.00181619296992839,0.241474140019295,0.2969,0.906841071428571,Not significant
32407,1.05479695495334,0.0013570329227488,5,-0.00119302674910669,-0.240192845052769,0.3192,0.918471671388102,Not significant
32408,1.05388267889188,0.00048987785179181,3,-0.00256421196629661,-0.186363658847307,0.4426,0.929389979123173,Not significant
32409,1.05320247320062,-0.000155758812879395,7,3.77652979176351e-05,-0.000872700137933253,0.9726,0.998525051334702,Not significant
32410,1.0530866341812,-0.000265752278760384,1,-0.00201694282738112,0.0795225112068197,0.6757,0.983976334951456,Not significant
32413,1.05626771564814,0.00275041603719274,5,0.000967944897757578,0.394974017613122,0.1934,0.8811,Not significant
32420,1.05432279132959,0.000907401143831407,4,-0.000207303160301053,-0.0279077450146506,0.7841,0.983976334951456,Not significant
32421,1.05314721408171,-0.000208227896479868,6,0.000181701432334016,-0.00561328074488838,0.915,0.997278131868132,Not significant
32423,1.05462970544536,0.00119845949474734,3,-0.000354277425924347,-0.0629921370053254,0.6775,0.983976334951456,Not significant
32424,1.05366077848967,0.000279300554084865,7,0.000541569602392177,0.0224411742666511,0.7835,0.983976334951456,Not significant
32425,1.04951402799035,-0.00366402917769385,5,0.000734949740417616,-0.399517737239686,0.1958,0.8811,Not significant
32426,1.05383716399403,0.000446689096887977,3,-0.00147112670960805,-0.0974933365368751,0.5936,0.965347393364929,Not significant
32427,1.0537872022569,0.000399278620961979,4,-0.000344779160397967,-0.0204238007833785,0.8252,0.983976334951456,Not significant
32428,1.05542079262653,0.00194828725380481,9,-0.000334784450524793,-0.0967693377093273,0.4746,0.933090697674419,Not significant
32430,1.05308087690384,-0.000271219343782311,4,9.0595044537364e-05,-0.0036453950935254,0.94,0.998472746781116,Not significant
32431,1.05137650656843,-0.0018909914726258,6,-1.43522590200564e-05,0.00402651512750782,0.9301,0.998472746781116,Not significant
32433,1.05124659417747,-0.00201456320650668,5,0.000691508173248118,-0.206679649542813,0.3517,0.925243431635389,Not significant
32435,1.05520483866715,0.00174365223285879,4,-0.000506661026765541,-0.131068059671908,0.489,0.933090697674419,Not significant
32437,1.05317002730061,-0.000186566184324971,3,0.00201935076837972,-0.0558938717880549,0.7019,0.983976334951456,Not significant
32438,1.05334503673433,-2.04060299370465e-05,5,0.000264190944089311,-0.00079982679126063,0.9795,0.998525051334702,Not significant
32439,1.05183712170361,-0.00145298067206267,3,0.00133021884116404,-0.286749344063469,0.3301,0.918471671388102,Not significant
32440,1.05176631282535,-0.00152030218059267,4,-0.000790011074906716,0.178189700964778,0.4201,0.929389979123173,Not significant
32442,1.05592831020593,0.00242903919434839,8,-0.000266566260383251,-0.0960636763242244,0.4979,0.937504606525912,Not significant
32443,1.05402861359898,0.000628341655140363,5,0.000186847656115326,0.017418189334338,0.831,0.986923913043478,Not significant
32444,1.05332142710901,-4.28202333578667e-05,3,-0.00181463810652694,0.0115281218272236,0.8827,0.996465707710011,Not significant
32445,1.05289631986355,-0.000446489086536772,3,0.000274904891427336,-0.0182101203638379,0.8465,0.990706007067138,Not significant
32446,1.05231149589565,-0.00100208647560569,6,5.00811657946632e-05,-0.00744559024195551,0.8928,0.997278131868132,Not significant
32448,1.05245460323956,-0.000866102392446173,6,3.57880772552308e-05,-0.00459861557044088,0.922,0.997278131868132,Not significant
32449,1.05415865634386,0.00075171090880808,4,8.91082143181874e-05,0.00993775062544336,0.8898,0.997278131868132,Not significant
32455,1.05277410318819,-0.000562572471811976,7,0.000190900828405772,-0.0159333021222787,0.8231,0.983976334951456,Not significant
32456,1.05124409261211,-0.00201694282738112,4,-0.00110997218046945,0.332143060343151,0.2659,0.906841071428571,Not significant
32459,1.05544158887161,0.00196799128118166,3,0.00220800245341818,0.644677068917988,0.1405,0.860118483412322,Not significant
32460,1.05205623780505,-0.00124468484637663,5,0.000659935111943427,-0.121865321591859,0.489,0.933090697674419,Not significant
32461,1.05331892869342,-4.51921765149479e-05,3,0.0028628720193776,-0.019194848690099,0.8381,0.990573614457831,Not significant
32462,1.05745117902124,0.0038702087397584,8,0.000325951647849431,0.187157429300227,0.3305,0.918471671388102,Not significant
32463,1.05328355178086,-7.87788763205594e-05,1,0.00194828725380481,-0.0227710088538326,0.8259,0.983976334951456,Not significant
32464,1.05228977929775,-0.00102272373184444,4,-0.00146047155876263,0.221600603414762,0.3591,0.925443367346939,Not significant
32465,1.05421879161869,0.000808755035233817,6,-0.00101884501817221,-0.122248805645937,0.4768,0.933090697674419,Not significant
32466,1.05288166964839,-0.000460403388263621,7,-0.000335371719561997,0.0229078562801484,0.7785,0.983976334951456,Not significant
32501,1.05181811588022,-0.00147105000495424,3,0.00106024041635168,-0.231393573093931,0.3771,0.929389979123173,Not significant
32502,1.05169161952744,-0.00159132171161346,4,9.62991126821459e-05,-0.0227352521251761,0.8118,0.983976334951456,Not significant
32503,1.0582632599306,0.00463787467263462,6,-0.000818952920104998,-0.563504573907224,0.1045,0.807200787401575,Not significant
32504,1.04939267132395,-0.00377966715872252,2,0.00276318993355668,-1.54947222674645,0.0431,0.73618407079646,Not significant
32505,1.05350786940953,0.000134168288033878,7,-0.000389767553879435,-0.00775845173656616,0.8778,0.994804152249135,Not significant
32506,1.04871148922194,-0.00442899824414363,3,-0.00021545239106435,0.141571660950564,0.5046,0.941053977272727,Not significant
32507,1.05029960253618,-0.00291579650498567,4,-0.00147973990342946,0.640121033061179,0.1261,0.853131724137931,Not significant
32508,1.05333197331862,-3.28079459946187e-05,1,-0.00291579650498567,0.0141923970787153,0.8731,0.994804152249135,Not significant
32509,1.05334880128435,-1.6832136142779e-05,1,0.00213527104375874,-0.00533226527329288,0.9227,0.997278131868132,Not significant
32514,1.05430286908775,0.00088850519447875,5,-0.000742802275107767,-0.0979157821609342,0.5386,0.960666545454546,Not significant
32526,1.05561815765779,0.00213527104375874,5,-0.00120885275259432,-0.382953387407607,0.2045,0.881237288135593,Not significant
32530,1.05332305127232,-4.12782899247982e-05,2,0.000267639436225625,-0.00163904661215292,0.9714,0.998525051334702,Not significant
32531,1.05448914809863,0.00106517412137414,4,0.000835618050348814,0.13205289306453,0.4908,0.933090697674419,Not significant
32533,1.05059115045743,-0.00263824954286668,5,-0.000217590297760412,0.0851676960836351,0.5663,0.965347393364929,Not significant
32534,1.05432094281692,0.000905647872147607,5,0.00103151393120786,0.13859704467295,0.4516,0.929389979123173,Not significant
32535,1.05160420718131,-0.00167444111410101,2,0.0012426153378729,-0.308692508557822,0.3568,0.925443367346939,Not significant
32536,1.05437787969093,0.000959649774564267,5,0.00108298062237982,0.154188844053694,0.4238,0.929389979123173,Not significant
32539,1.05547903761902,0.00200347224331916,5,0.000395128454409888,0.117446786033284,0.4905,0.933090697674419,Not significant
32541,1.05495482678436,0.00150669207476965,2,-0.000709093267858296,-0.158506606107846,0.5118,0.942305,Not significant
32542,1.05335725234997,-8.80912258598848e-06,7,0.00202043932829229,-0.00264057172245179,0.9403,0.998472746781116,Not significant
32547,1.05854871488837,0.00490757737924942,4,-0.000797034802094072,-0.580315194660115,0.1325,0.860118483412322,Not significant
32548,1.0489336517739,-0.00421717733272767,5,0.001679876608483,-1.05103879674444,0.0446,0.73618407079646,Not significant
32550,1.05631902484489,0.00279899079701108,2,0.00173734167797566,0.721449953631922,0.1581,0.860118483412322,Not significant
32561,1.05310400890757,-0.000249253557309731,2,0.00124603225071976,-0.0460776317351883,0.7487,0.983976334951456,Not significant
32563,1.05499502774883,0.00154479815998095,2,0.000349006392074417,0.0799879609051455,0.6616,0.978213901345292,Not significant
32564,1.05448301009829,0.00105935327607274,5,0.000510258729160733,0.0801956400859298,0.5876,0.965347393364929,Not significant
32565,1.05499974820125,0.00154927253354105,5,-0.00114562040280884,-0.263322556040188,0.2854,0.906841071428571,Not significant
32566,1.05436482295383,0.000947266341458565,4,-0.00119151581284,-0.167452415823157,0.4308,0.929389979123173,Not significant
32567,1.05473227644008,0.00129571259371905,4,0.00050343323318772,0.0967765336006735,0.5651,0.965347393364929,Not significant
32568,1.05435290005374,0.000935958142204755,3,-0.000767642320338419,-0.106594509925461,0.5684,0.965347393364929,Not significant
32569,1.05142546079845,-0.00184443052130355,3,0.000545888795993437,-0.149377773543641,0.489,0.933090697674419,Not significant
32570,1.05339576977799,2.77565570391963e-05,6,0.000216737789623887,0.000892523655748525,0.9765,0.998525051334702,Not significant
32571,1.05037961665793,-0.00283961721873185,6,-0.000307158553808488,0.129402276330657,0.4519,0.929389979123173,Not significant
32577,1.05107504980466,-0.0021777583804553,4,-0.000748159021463182,0.241725858772732,0.3343,0.921708791208791,Not significant
32578,1.05633020706076,0.00280957676244532,3,-0.000646873900164821,-0.269637338692355,0.3397,0.921708791208791,Not significant
32579,1.05640700612092,0.00288227776824093,3,0.000227196974645252,0.0971533716127341,0.5858,0.965347393364929,Not significant
32580,1.05286226677881,-0.000478831905845807,2,0.00140038381992966,-0.0994831816178496,0.6068,0.965347393364929,Not significant
32583,1.05390127425052,0.000507522315412054,4,-0.000448446418886179,-0.0337664344485123,0.7652,0.983976334951456,Not significant
32601,1.05087749768719,-0.00236572848309179,5,-0.000472061591773008,0.16568495198797,0.4135,0.929389979123173,Not significant
32603,1.05280855802166,-0.000529845346818325,4,-0.000928843793010763,0.0730148687634726,0.6358,0.973041809672387,Not significant
32605,1.0510652299845,-0.00218710106824424,7,-0.00052112393561747,0.169094458318972,0.3625,0.925443367346939,Not significant
32606,1.05262573221182,-0.000703515749301206,5,-5.77365380648218e-05,0.00602620726788633,0.9077,0.997278131868132,Not significant
32607,1.05188091270226,-0.00141134866820827,6,-0.000527184471706655,0.110386618161618,0.4839,0.933090697674419,Not significant
32608,1.05573801090588,0.00224880304750125,7,-0.00114063719054256,-0.38055589156063,0.1663,0.860118483412322,Not significant
32609,1.05308286423839,-0.000269332183241836,8,-0.000502549098281597,0.0200810422851271,0.7818,0.983976334951456,Not significant
32615,1.05513542106285,0.00167786416478926,11,0.000692244462784313,0.17232004136601,0.2982,0.906841071428571,Not significant
32616,1.05335154135669,-1.42308432283939e-05,1,0.00167786416478926,-0.00354247614192055,0.9395,0.998472746781116,Not significant
32617,1.05487057594599,0.00142682685150688,5,-0.000815015579172888,-0.172526846893542,0.4021,0.929389979123173,Not significant
32618,1.05154134182603,-0.00173422333442951,6,6.89432720372834e-05,-0.017738480610993,0.8206,0.983976334951456,Not significant
32619,1.05542832264967,0.00195542184535842,4,0.000936354961848636,0.271644227057254,0.307,0.906841071428571,Not significant
32621,1.05175958381814,-0.00152670001693695,5,4.35644318622878e-05,-0.00986745753501592,0.8792,0.994804152249135,Not significant
32622,1.05296908599429,-0.00037738103188785,5,0.000532430315023769,-0.0298100252326473,0.7507,0.983976334951456,Not significant
32625,1.05283595933305,-0.000503818815593068,1,0.00147395338985534,-0.110173623677506,0.6161,0.965347393364929,Not significant
32626,1.05492028951604,0.00147395338985534,6,8.89417812963202e-05,0.0194495283591442,0.8006,0.983976334951456,Not significant
32628,1.0537398405532,0.000354333334139895,3,0.000288689570410473,0.0151761847918176,0.8574,0.990706007067138,Not significant
32631,1.05324534154204,-0.000115056792039187,3,0.00025356967853977,-0.00432841688115723,0.9356,0.998472746781116,Not significant
32639,1.05335921225305,-6.94849908240008e-06,3,-0.000484912234158791,0.00049988907667225,0.9873,0.998525051334702,Not significant
32640,1.05350210027908,0.000128692157850309,10,-0.000292828586562782,-0.00559094287918558,0.8956,0.997278131868132,Not significant
32641,1.05165848051418,-0.00162283240806189,6,-0.000156500513707584,0.0376798304990358,0.7157,0.983976334951456,Not significant
32643,1.05375686646334,0.000370490806735999,8,0.00213022139623679,0.117090505110657,0.4434,0.929389979123173,Not significant
32648,1.05318494400824,-0.000172402657436871,3,0.000464268234269395,-0.0118749674158972,0.8792,0.994804152249135,Not significant
32653,1.05535835578618,0.00188912726028704,5,-0.000126443781868783,-0.0354387335079345,0.7287,0.983976334951456,Not significant
32656,1.0524648401416,-0.00085637574749093,5,0.000183331398463425,-0.0232927471282764,0.7917,0.983976334951456,Not significant
32658,1.05426213238385,0.000849865926654106,2,0.00178349571253815,0.224875420400102,0.428,0.929389979123173,Not significant
32664,1.05312274832142,-0.00023145925877599,3,-0.00040823246411262,0.01401850166139,0.8648,0.994570691676436,Not significant
32666,1.05468427053984,0.0012501967847922,7,-9.52955852267621e-05,-0.0176754573599273,0.8119,0.983976334951456,Not significant
32667,1.05329990009246,-6.32577142402335e-05,8,-0.000217434982502477,0.00204062129218399,0.948,0.998472746781116,Not significant
32668,1.052641990004,-0.000688070880222297,7,-1.07002940675178e-05,0.00109231624545636,0.9702,0.998525051334702,Not significant
32669,1.0530956148368,-0.000257224378947901,10,3.32027765969953e-05,-0.00126708582261255,0.959,0.998525051334702,Not significant
32680,1.05322942258343,-0.000130171104233877,8,0.00109452802922199,-0.0211378580774374,0.7775,0.983976334951456,Not significant
32683,1.05423882699901,0.000827759809281438,2,0.000733502445386468,0.0900793830586661,0.6448,0.976155555555555,Not significant
32686,1.05266973305345,-0.000661715591211858,5,0.000331670932248684,-0.0325610409156682,0.7448,0.983976334951456,Not significant
32692,1.05329238016992,-7.0397133294979e-05,1,-0.000130171104233877,0.00135953084153125,0.9697,0.998525051334702,Not significant
32693,1.0556060541682,0.00212380519420828,5,0.000682494111753596,0.215046851524807,0.3404,0.921708791208791,Not significant
32694,1.05271556274811,-0.000618179907023196,8,4.79661674732705e-05,-0.00439915642997521,0.9205,0.997278131868132,Not significant
32696,1.05486694773707,0.00142338736305581,6,-0.000647576172603009,-0.136751930990029,0.4387,0.929389979123173,Not significant
32697,1.0533598921227,-6.30306927846408e-06,2,0.000531523115191591,-0.000497042743462041,0.9892,0.998525051334702,Not significant
32701,1.05115285361217,-0.0021037380447699,5,0.00199143824338684,-0.62155276820004,0.1015,0.7981416,Not significant
32702,1.05050164422433,-0.00272344923835861,3,-0.000777442479194428,0.314128291794483,0.302,0.906841071428571,Not significant
32703,1.04847015563998,-0.00465914863060844,8,-0.00107301144164876,0.741703654675816,0.0504,0.73618407079646,Not significant
32707,1.05361086769709,0.000231930493679373,6,-0.000918140457481019,-0.0315926807048011,0.747,0.983976334951456,Not significant
32708,1.04922286209197,-0.00394149692663425,5,0.000937032110191938,-0.547942727034205,0.1312,0.858048,Not significant
32709,1.05412555351602,0.000720308285111743,6,0.000650188477406359,0.0694827789833942,0.5951,0.965347393364929,Not significant
32712,1.04879523212223,-0.00434914829707384,6,-0.00204489026317367,1.31945239120268,0.0183,0.674041935483871,Not significant
32713,1.05637345742304,0.00285051990369975,4,0.00218322014970282,0.923296331002885,0.0654,0.73618407079646,Not significant
32714,1.05621451740444,0.00270005041244814,6,0.00061910082045666,0.248000612540014,0.2853,0.906841071428571,Not significant
32720,1.05258722959991,-0.000740094102767909,6,0.000821856967134464,-0.090240747865592,0.5328,0.952052459016394,Not significant
32724,1.05970546202082,0.0059997477713101,10,0.000654461066085169,0.582554162245028,0.0644,0.73618407079646,Not significant
32725,1.05804754186009,0.00443401229942308,7,0.00195458166609031,1.28579050769011,0.0161,0.674041935483871,Not significant
32726,1.05016497247593,-0.00304398725100848,5,-0.00139376618891573,0.629436980749202,0.1084,0.818757692307692,Not significant
32730,1.05302506116829,-0.000324223074074849,3,0.000391762805589532,-0.018844586893611,0.8441,0.990706007067138,Not significant
32732,1.0549530147702,0.00150497445077961,5,0.000305030618929056,0.0681070491491619,0.6208,0.965347393364929,Not significant
32735,1.05341851974122,4.9353110041922e-05,3,0.00111959125244381,0.00819772835257761,0.8981,0.997278131868132,Not significant
32736,1.05320443903608,-0.000153892283248504,9,-0.000456878223821835,0.0104312607835114,0.8539,0.990706007067138,Not significant
32738,1.05551589712778,0.00203839369970146,5,0.000925866107523841,0.279998532944895,0.274,0.906841071428571,Not significant
32744,1.05142598614665,-0.00184393086812903,3,0.00415738459014488,-1.13732435044669,0.0572,0.73618407079646,Not significant
32746,1.05626479769291,0.00274765351854146,5,0.00213845142637462,0.871727723266489,0.0581,0.73618407079646,Not significant
32750,1.0579082327464,0.00430233741702243,7,0.000585133283429031,0.373489821590487,0.1721,0.860118483412322,Not significant
32751,1.05658113557119,0.00304709596785912,7,-3.48256857001318e-05,-0.0157436457735238,0.8212,0.983976334951456,Not significant
32754,1.05045619492254,-0.00276671455378028,8,0.000287644147595389,-0.118069955061552,0.4452,0.929389979123173,Not significant
32757,1.04695464820587,-0.00610564071714747,7,-0.00125142474508734,1.13358863769843,0.0211,0.674041935483871,Not significant
32759,1.05155449217415,-0.00172171762935816,5,-0.00131836203767158,0.336756600252088,0.2335,0.895447674418605,Not significant
32763,1.05547443089959,0.00199910765689867,5,0.0024780587176833,0.734966046678873,0.0791,0.73618407079646,Not significant
32764,1.0535609804876,0.000184580573413154,8,0.000888971871264554,0.0243440881055561,0.7559,0.983976334951456,Not significant
32765,1.05476365003935,0.00132545770853579,8,-0.000790639312834809,-0.155476151195133,0.3642,0.925443367346939,Not significant
32766,1.05070233608751,-0.00253242364953415,6,0.000495028547884386,-0.185988506358002,0.3632,0.925443367346939,Not significant
32767,1.05252137846664,-0.000802657272225602,5,-0.00102942115794654,0.12258652553534,0.4759,0.933090697674419,Not significant
32771,1.05595430086159,0.00245365292573804,7,0.00212169432660199,0.772352305007134,0.0529,0.73618407079646,Not significant
32773,1.05897928840698,0.00531425301601077,7,0.00122530852391375,0.966066858032386,0.0365,0.73618407079646,Not significant
32775,1.05336094781637,-5.3008542224911e-06,1,-0.00276671455378028,0.00217585382866103,0.9618,0.998525051334702,Not significant
32776,1.05281337842742,-0.000525266741625771,6,-0.00104334905641045,0.0813072049879968,0.5547,0.965347393364929,Not significant
32778,1.05277564006427,-0.000561112638266845,5,-0.000300036056095213,0.0249771567767244,0.7818,0.983976334951456,Not significant
32779,1.05246868823606,-0.000852719485272373,6,3.60796131173314e-05,-0.00456444060333824,0.9251,0.997278131868132,Not significant
32780,1.05388725631244,0.000494221229583695,6,0.0010309050785209,0.0755891700574435,0.5782,0.965347393364929,Not significant
32784,1.05315847173851,-0.000197538415957758,9,0.000701243197410883,-0.0205513203596023,0.783,0.983976334951456,Not significant
32789,1.05522234314717,0.00176024079859587,6,-0.000635548603942798,-0.165974111670786,0.3854,0.929389979123173,Not significant
32792,1.04655355572994,-0.00648881808428867,9,0.000750216183820238,-0.722223355039852,0.0528,0.73618407079646,Not significant
32796,1.05722522799994,0.00365651077498971,2,-0.00113624666209829,-0.616394818024619,0.1863,0.862076886792453,Not significant
32798,1.05395615637813,0.000559596167109461,2,-0.00522739450711065,-0.433989786918286,0.2667,0.906841071428571,Not significant
32801,1.05824999514156,0.00462534010522694,4,-2.98017148437236e-05,-0.0204505234282797,0.8203,0.983976334951456,Not significant
32803,1.05174620081358,-0.00153942449305409,7,0.00105799616144224,-0.241636193230725,0.278,0.906841071428571,Not significant
32804,1.05071400702251,-0.00252131596491401,6,0.00203505607544225,-0.761242725297652,0.0666,0.73618407079646,Not significant
32805,1.05563043149692,0.00214689813418919,6,0.00125585968678261,0.400011115217861,0.1735,0.860118483412322,Not significant
32806,1.05525863779118,0.00179463546440402,7,0.00304213584830866,0.809980102870406,0.0538,0.73618407079646,Not significant
32807,1.06238752063575,0.0085274975588398,8,-0.000693609448101181,-0.877518144349758,0.0382,0.73618407079646,Not significant
32808,1.05466982929459,0.00123650420918645,6,0.000579138797045468,0.106242372362054,0.4938,0.93697833655706,Not significant
32809,1.05936027952123,0.00567396033028745,7,0.000723513189484009,0.609049020005333,0.0848,0.73618407079646,Not significant
32810,1.0575681067612,0.00398077769850911,7,-5.1248493690032e-05,-0.030266941104248,0.7371,0.983976334951456,Not significant
32811,1.05237925191931,-0.000937700746958682,5,0.00179120681782077,-0.249189361102318,0.2968,0.906841071428571,Not significant
32812,1.05181184101909,-0.00147701575107959,5,0.004308572720675,-0.944143603465674,0.0537,0.73618407079646,Not significant
32814,1.05305940753742,-0.000291606747768243,4,0.000564873945023227,-0.024438166173808,0.7982,0.983976334951456,Not significant
32817,1.05087537468289,-0.00236774870567123,6,0.000887729784659843,-0.31184292851841,0.2252,0.895357142857143,Not significant
32818,1.05134373065248,-0.00192216624839736,6,0.000574527044875057,-0.16384037199028,0.3858,0.929389979123173,Not significant
32819,1.05284692530598,-0.000493403217867262,9,0.00172942448166418,-0.126596902894744,0.4107,0.929389979123173,Not significant
32820,1.05589926160887,0.00240152880718593,6,0.000643984544205632,0.229447191330205,0.3098,0.906841071428571,Not significant
32821,1.05717461728852,0.00360863836188679,6,0.000359136214347846,0.192274664875809,0.3589,0.925443367346939,Not significant
32822,1.05932510819041,0.00564075924150907,5,0.00136171567859925,1.13957654655717,0.0347,0.73618407079646,Not significant
32824,1.05414671453884,0.000740382564077227,7,0.00164412756000779,0.180597274980268,0.3484,0.925243431635389,Not significant
32825,1.05250348655874,-0.000819656508860713,5,0.00309390632493981,-0.376234444768407,0.2063,0.881237288135593,Not significant
32826,1.05313967829899,-0.00021538341052648,6,0.000565460415360539,-0.018068993367536,0.8138,0.983976334951456,Not significant
32827,1.05326753133838,-9.39889916653086e-05,8,0.00216821270403907,-0.0302341926585879,0.7349,0.983976334951456,Not significant
32828,1.0565285037962,0.00299728144425934,7,0.000275487831355181,0.122503767804311,0.453,0.929389979123173,Not significant
32829,1.0540743598874,0.000671742085762067,6,0.00176509313255836,0.175909658173923,0.3757,0.929389979123173,Not significant
32830,1.05335577892302,-1.0207914852553e-05,5,-0.000529915468365023,0.000802533438219002,0.9812,0.998525051334702,Not significant
32831,1.05409283120397,0.000689265664209134,4,0.0018536470908269,0.189554107444939,0.3956,0.929389979123173,Not significant
32832,1.05566210068613,0.00217689794589864,7,0.00107072048937548,0.345806923399934,0.185,0.860118483412322,Not significant
32833,1.05502020943809,0.00156866688738756,6,0.00146164978935638,0.340168079863231,0.212,0.881237288135593,Not significant
32835,1.05624439760492,0.00272833990984456,7,-0.000583177293656687,-0.236057923786262,0.2732,0.906841071428571,Not significant
32836,1.05471927082485,0.00128338179119993,4,0.000244715773822093,0.0465947877841143,0.7171,0.983976334951456,Not significant
32837,1.05469069402955,0.00125628720476804,8,0.00135934309910752,0.253359693123866,0.2478,0.906841071428571,Not significant
32839,1.05688822170067,0.00333769505375093,5,0.00163687799281094,0.81055495679953,0.0637,0.73618407079646,Not significant
32901,1.05400382355918,0.000604822055184827,5,-0.00186030563252883,-0.166928857740725,0.4109,0.929389979123173,Not significant
32903,1.05239496633837,-0.000922768580908978,4,-0.00245428130065747,0.335997958322687,0.2573,0.906841071428571,Not significant
32904,1.05351897936104,0.000144713907347244,12,-0.00115582283308844,-0.0248153863155994,0.7263,0.983976334951456,Not significant
32905,1.04734992842319,-0.00572815959389707,5,0.000964168283374935,-0.81938394779592,0.065,0.73618407079646,Not significant
32907,1.05405669553555,0.000654983780525462,5,-0.00172718790871381,-0.167837744918259,0.4084,0.929389979123173,Not significant
32908,1.05179952711997,-0.00148872314086303,3,-0.000160462722367157,0.0354411329210738,0.7708,0.983976334951456,Not significant
32909,1.05201794259389,-0.00128108585497418,7,-0.00066554252916395,0.126495055454004,0.4451,0.929389979123173,Not significant
32920,1.0526303276855,-0.000699150034591006,2,0.00281291494717869,-0.291773930147646,0.3623,0.925443367346939,Not significant
32922,1.05425932968683,0.000847207478946559,4,0.00141789982775674,0.178219340300455,0.4171,0.929389979123173,Not significant
32925,1.05333936916208,-2.57865911969801e-05,3,-0.000666934489423989,0.00255150611292651,0.9594,0.998525051334702,Not significant
32926,1.05836695096802,0.00473585214359541,7,-0.000260702526230505,-0.183173597735912,0.3347,0.921708791208791,Not significant
32927,1.05494493002058,0.00149731081032598,4,0.000891532529804161,0.198047176546355,0.3898,0.929389979123173,Not significant
32931,1.05319339725168,-0.000164376327811563,3,0.00168842319879365,-0.0411756141674562,0.748,0.983976334951456,Not significant
32934,1.05234311445641,-0.000972040157691915,3,-0.000190118617506084,0.0274175317961425,0.8026,0.983976334951456,Not significant
32935,1.04654779724612,-0.00649432043018453,6,-0.000498775911396522,0.480572244897933,0.1376,0.860118483412322,Not significant
32937,1.04536344829424,-0.00762663336262934,6,0.000154993204096206,-0.175373926751022,0.3697,0.925443367346939,Not significant
32940,1.05947182579754,0.00577925067031903,7,-0.00184060033135057,-1.57815817353657,0.0083,0.646305882352941,Not significant
32948,1.05180295005699,-0.00148546878357425,6,-0.00121045192939239,0.266766061996838,0.2644,0.906841071428571,Not significant
32949,1.05328011234985,-8.20443185886727e-05,4,3.91538275764866e-06,-4.76587050006741e-05,0.9985,0.9996,Not significant
32950,1.05306880285594,-0.000282684861182027,5,-0.000547459890387059,0.0229601308184422,0.7903,0.983976334951456,Not significant
32951,1.05727015654413,0.00369900653499917,7,-0.000101321847308542,-0.0556042130757816,0.632,0.9687375,Not significant
32952,1.05948343295965,0.00579020622216894,8,-0.000842993402712587,-0.724165296287307,0.0585,0.73618407079646,Not significant
32953,1.05162166829396,-0.00165783698911715,5,0.00267295957692412,-0.657436356775412,0.1009,0.7981416,Not significant
32955,1.05000469297247,-0.00319662206562025,6,0.00149939611992608,-0.711094265995252,0.074,0.73618407079646,Not significant
32958,1.05295320953759,-0.000392458945003185,5,0.000558149893839842,-0.0324985945412247,0.7468,0.983976334951456,Not significant
32959,1.05336009942862,-6.10626484531113e-06,1,0.00149731081032598,-0.00135646033255094,0.9688,0.998525051334702,Not significant
32960,1.05493371562395,0.00148668043909279,5,0.00117228379325599,0.25856509042325,0.3021,0.906841071428571,Not significant
32962,1.05504835713991,0.001595346306499,6,0.000567490696063335,0.13431769116443,0.4359,0.929389979123173,Not significant
32963,1.06163737783476,0.0078211566560445,7,-4.15384246303832e-05,-0.0481992751890228,0.6617,0.978213901345292,Not significant
32966,1.05090477067668,-0.00233977623304091,8,-0.000669328371359553,0.23234485521737,0.2606,0.906841071428571,Not significant
32967,1.05202483932221,-0.00127453016287096,6,0.000823216530155205,-0.155662392565843,0.4004,0.929389979123173,Not significant
32968,1.05342891628498,5.9222399648319e-05,5,-9.90664365797506e-05,-0.000870426377428538,0.9763,0.998525051334702,Not significant
32970,1.05320766008843,-0.000150833952587713,2,-0.00083349455393707,0.0186518270313485,0.8502,0.990706007067138,Not significant
32976,1.05113620743191,-0.00211957428781237,6,0.0013798508814839,-0.433910639227998,0.1566,0.860118483412322,Not significant
33001,1.05328615970119,-7.63028886378026e-05,0,0,,,,Island
33004,1.05304041653467,-0.000309641033260789,6,0.00069999347176876,-0.0321567388574128,0.7408,0.983976334951456,Not significant
33009,1.04846552630288,-0.00466356396593838,7,0.00228676323946176,-1.58219002135165,0.0091,0.646305882352941,Not significant
33010,1.04956726819136,-0.00361330203233609,6,0.00059673119507684,-0.319891358468766,0.2177,0.895357142857143,Not significant
33012,1.05310028183669,-0.000252792692516102,4,-0.00341623562208989,0.128124396731032,0.4968,0.937504606525912,Not significant
33013,1.04449709965005,-0.00845573049513749,5,-0.00107565947072043,1.34941470616583,0.0213,0.674041935483871,Not significant
33014,1.05010848861749,-0.00309777439777705,7,-0.000597796639608947,0.27474054572416,0.239,0.901765384615384,Not significant
33015,1.05635332047656,0.00283145738535848,6,-0.00166529362567758,-0.699552560292515,0.072,0.73618407079646,Not significant
33016,1.05494973385677,0.00150186443689109,6,-0.000508530939853013,-0.113309837285411,0.4801,0.933090697674419,Not significant
33018,1.05343427468438,6.43090131782209e-05,7,-0.000407039894236389,-0.00388354483326253,0.9225,0.997278131868132,Not significant
33019,1.06264343971073,0.00876835906250192,3,0.000384166267837218,0.499754893423819,0.1969,0.881237288135593,Not significant
33020,1.0598389467217,0.00612570380271083,6,-0.000786791954308566,-0.715048343160008,0.0679,0.73618407079646,Not significant
33021,1.04574595150697,-0.00726079576748632,7,0.000296973710474887,-0.319905515088167,0.201,0.881237288135593,Not significant
33022,1.05335303946,-1.28086188493082e-05,1,0.00612570380271083,-0.0116406651545066,0.8779,0.994804152249135,Not significant
33023,1.05285659981622,-0.000484214355212197,7,-0.00234147221993486,0.168207815655248,0.3671,0.925443367346939,Not significant
33024,1.05745002107019,0.0038691136994306,6,-0.00224820891084227,-1.29052867288939,0.0193,0.674041935483871,Not significant
33025,1.04863997419222,-0.00449719380506047,8,0.000256627597603595,-0.171223930868583,0.3486,0.925243431635389,Not significant
33026,1.05200430436603,-0.0012940498128219,6,-0.000316820759817008,0.0608252813537143,0.6299,0.9687375,Not significant
33027,1.04948960629718,-0.00368729897368564,6,-0.000447444711619008,0.244775097949051,0.2811,0.906841071428571,Not significant
33028,1.05589568344801,0.00239814006826064,6,-0.00228080484823661,-0.811488134226999,0.0533,0.73618407079646,Not significant
33029,1.05106498818656,-0.00218733111862903,5,-0.000571765579049742,0.18554618932364,0.3735,0.929389979123173,Not significant
33030,1.05474123815672,0.00130420923193238,4,-0.000756117220460213,-0.146303899009091,0.4708,0.933090697674419,Not significant
33031,1.05278791655691,-0.000549451634156942,5,-0.00111406405889937,0.0908153234301082,0.554,0.965347393364929,Not significant
33032,1.0519515388999,-0.00134420815270144,4,-0.00108666641376233,0.216711655793872,0.3686,0.925443367346939,Not significant
33033,1.05315632795937,-0.000199573989311919,5,-0.000551845276878987,0.0163395755018589,0.8265,0.983976334951456,Not significant
33034,1.05266161442924,-0.000669428034411709,8,-9.70981542871164e-06,0.000964349304229839,0.9734,0.998525051334702,Not significant
33035,1.05178730038525,-0.00150034779505722,2,-0.000434501011861814,0.0967168709650414,0.6197,0.965347393364929,Not significant
33036,1.0525824459653,-0.000744638757444724,1,-0.00142220504168966,0.157118509959244,0.5483,0.965347393364929,Not significant
33037,1.05477026532546,0.00133172950731693,2,-0.00104581653805069,-0.206628883425613,0.4514,0.929389979123173,Not significant
33040,1.05098692972086,-0.00226159994621801,1,0.000607034404505054,-0.203680096553293,0.4964,0.937504606525912,Not significant
33042,1.0540061553864,0.000607034404505054,2,-0.00151521284537439,-0.136460340459743,0.5561,0.965347393364929,Not significant
33043,1.05255698747516,-0.000768825744530771,1,0.000607034404505054,-0.0692405843661926,0.6943,0.983976334951456,Not significant
33050,1.05229052308494,-0.00102201690475023,1,0.000716787881917612,-0.108684655934846,0.6225,0.965347393364929,Not significant
33051,1.05412184257559,0.000716787881917612,1,-0.00102201690475023,-0.108684655934846,0.6225,0.965347393364929,Not significant
33054,1.05445022916977,0.00102826558878882,5,-0.00155738524263646,-0.237586006886275,0.3087,0.906841071428571,Not significant
33055,1.05307619209039,-0.000275668027611614,5,-0.00100794088631597,0.0412231298465871,0.7169,0.983976334951456,Not significant
33056,1.05199335369987,-0.00130445920288961,5,-0.00135517250219274,0.262267564256991,0.294,0.906841071428571,Not significant
33060,1.05009956730295,-0.00310627004612242,6,-0.000990044135901089,0.456260913393975,0.1445,0.860118483412322,Not significant
33062,1.05305495103372,-0.000295838715214353,4,-0.00316769798941946,0.139033122870851,0.478,0.933090697674419,Not significant
33063,1.04835733613482,-0.00476675834644114,6,-0.000536445012154057,0.379374248642501,0.1763,0.860118483412322,Not significant
33064,1.04626673682525,-0.00676291606347407,6,-0.00139496874803323,1.39964525574557,0.0139,0.674041935483871,Not significant
33065,1.0539287975018,0.000533637562226352,5,-0.00171191754047361,-0.135534149344926,0.4508,0.929389979123173,Not significant
33066,1.05316666527141,-0.000189758484218913,4,-0.00170328493712767,0.0479521417472655,0.6981,0.983976334951456,Not significant
33067,1.05107991043173,-0.00217313395726978,5,-0.00030882940530319,0.0995691143743217,0.5311,0.950925547445256,Not significant
33068,1.0506243878935,-0.00260661315386528,7,-0.000557219196494472,0.215487535011941,0.3021,0.906841071428571,Not significant
33069,1.05559124387727,0.00210977496506659,7,-0.00209979282391309,-0.657252251960176,0.0746,0.73618407079646,Not significant
33070,1.0518694931522,-0.00142220504168966,2,0.000293545374936102,-0.0619379685173206,0.6999,0.983976334951456,Not significant
33071,1.0562849595033,0.00276674117347411,5,-0.000860893099157617,-0.353376171057576,0.2207,0.895357142857143,Not significant
33073,1.05173555854187,-0.00154954321327084,8,-0.00115346838315125,0.265172747332182,0.2277,0.895357142857143,Not significant
33076,1.0501018257354,-0.00310411936432201,4,0.00110520568310976,-0.508980358794723,0.1578,0.860118483412322,Not significant
33109,1.05331428404332,-4.96017244822483e-05,3,0.00463134332623462,-0.0340818572888937,0.7643,0.983976334951456,Not significant
33122,1.05331577162018,-4.81894434248842e-05,5,0.000222365613211834,-0.00158978736053701,0.9621,0.998525051334702,Not significant
33125,1.05312171938888,-0.000232436289270527,8,-0.00140082056528486,0.0483065412945518,0.6473,0.978213901345292,Not significant
33126,1.04894908462467,-0.00420246454587489,7,0.000360696847656122,-0.22488780522263,0.293,0.906841071428571,Not significant
33127,1.05285063346238,-0.000489881196022557,6,0.00245333696619272,-0.178306622327793,0.3669,0.925443367346939,Not significant
33128,1.05106159863891,-0.00219055599354868,5,-0.00134088686105858,0.435778696119854,0.1739,0.860118483412322,Not significant
33129,1.05110420448006,-0.00215002080731978,6,-0.00170026066500514,0.542347536260737,0.1163,0.838899264705882,Not significant
33130,1.04821516536769,-0.0049023804317685,6,-0.000914019107798048,0.664785879225645,0.0844,0.73618407079646,Not significant
33131,1.05328350438609,-7.88238734868857e-05,4,-0.0014447431584292,0.0168953782965023,0.8401,0.990706007067138,Not significant
33132,1.05684925415649,0.00330082430265422,9,0.000302855391407051,0.148312316607953,0.3576,0.925443367346939,Not significant
33133,1.05539156281917,0.00192059193802421,5,-0.00156706915076026,-0.446521899683965,0.1677,0.860118483412322,Not significant
33134,1.05107960466729,-0.00217342486234231,8,-0.000719219649468222,0.231913310739141,0.2677,0.906841071428571,Not significant
33135,1.04902184494195,-0.00413310198581663,6,-0.00210487872065834,1.29069224437798,0.0193,0.674041935483871,Not significant
33136,1.05259012864141,-0.000737339901091469,6,0.00143193519750213,-0.15664285920367,0.3963,0.929389979123173,Not significant
33137,1.05397879538861,0.000581075967014157,8,0.00346766700013247,0.298943971716545,0.2072,0.881237288135593,Not significant
33138,1.0502156000963,-0.00299577920620635,7,0.00107942575975628,-0.479757840544404,0.1216,0.852068571428571,Not significant
33139,1.06674489455741,0.0126206013733324,4,0.00240289876502204,4.49919715955217,5e-04,0.2289,Not significant
33140,1.05947187436859,0.00577929651490205,3,0.00642665937672476,5.510357303552,3e-04,0.2289,Not significant
33141,1.05978870835319,0.00607830078982773,4,0.000529605550378363,0.477588891427566,0.1763,0.860118483412322,Not significant
33142,1.06142658702867,0.00762258439418619,9,-0.000219315395257698,-0.248022374664164,0.2355,0.895447674418605,Not significant
33143,1.05370524284861,0.000321499544196947,6,-0.00149011663630258,-0.0710755331281229,0.5904,0.965347393364929,Not significant
33144,1.05942169291503,0.00573193080069762,5,-0.00315127071192797,-2.67982326311208,0.0019,0.465975,Not significant
33145,1.05233426030809,-0.000980453939700261,4,-0.00163398892936363,0.237681733759026,0.3414,0.921708791208791,Not significant
33146,1.05036561679812,-0.00285294568863589,4,-0.000234052716322639,0.09906647060526,0.5686,0.965347393364929,Not significant
33147,1.0556311137594,0.00214754444206289,6,-0.000549787060595913,-0.17516856630933,0.3675,0.925443367346939,Not significant
33149,1.0512331041518,-0.00202739569728274,4,0.000255594474341326,-0.0768793109359776,0.6123,0.965347393364929,Not significant
33150,1.05778443923816,0.00418531332366379,8,0.000649236658713256,0.403135005531868,0.1422,0.860118483412322,Not significant
33154,1.05205467421096,-0.0012461710741964,4,0.00262634029471082,-0.485565882598988,0.1714,0.860118483412322,Not significant
33155,1.0523085588883,-0.0010048774851694,7,-0.00131867565868362,0.196594157201486,0.327,0.918471671388102,Not significant
33156,1.05475278897714,0.00131516050297032,3,-0.00206538052141761,-0.402993772981071,0.2384,0.901765384615384,Not significant
33157,1.04417677923604,-0.0087624518265567,4,-0.00101073046837909,1.31395503078383,0.0305,0.73618407079646,Not significant
33158,1.05335770935235,-8.37526950864947e-06,3,-0.0046521857208425,0.00578063217874195,0.9285,0.998472746781116,Not significant
33160,1.06220502054418,0.00835569982494478,6,-0.00144261987236862,-1.78835709135392,0.0066,0.5886,Not significant
33161,1.05480634637971,0.0013659364226236,6,-0.00118028449636285,-0.239186513918072,0.2915,0.906841071428571,Not significant
33162,1.05093005801956,-0.00231571407312735,5,0.00125107390404913,-0.429820773417463,0.1765,0.860118483412322,Not significant
33165,1.05133008087693,-0.00193514950378843,5,-0.0026528272638042,0.76162816557013,0.0745,0.73618407079646,Not significant
33166,1.05443826280522,0.00101691708497446,6,0.000677394585445251,0.102199028118738,0.5045,0.941053977272727,Not significant
33167,1.052774734641,-0.000561972673035815,7,-0.00131643547588333,0.10975751762307,0.4745,0.933090697674419,Not significant
33168,1.05076202688887,-0.00247561488091606,6,0.000265665066206648,-0.0975746575926729,0.5181,0.942305,Not significant
33169,1.05068696625052,-0.00254705191186821,8,-0.00059176596993753,0.223618270645823,0.2721,0.906841071428571,Not significant
33170,1.04945032129202,-0.0037247321604556,6,-0.000149643941168356,0.0826939405437077,0.5581,0.965347393364929,Not significant
33172,1.05140666201538,-0.00186231001140358,6,-0.00126462686198907,0.349408834397547,0.2074,0.881237288135593,Not significant
33173,1.05146233207096,-0.00180936324606362,5,-0.00209130833158162,0.5613882685355,0.1251,0.853131724137931,Not significant
33174,1.04652795883899,-0.00651327665484966,8,-0.000390316486588646,0.377168940949045,0.1535,0.860118483412322,Not significant
33175,1.05062306683411,-0.00260787055873221,5,-0.00198007130136282,0.766101586559882,0.0735,0.73618407079646,Not significant
33176,1.04653215627839,-0.00650926583894113,8,-0.00042106398237932,0.406630174822923,0.1449,0.860118483412322,Not significant
33177,1.05893287199997,0.0052704207854857,7,-0.00293435647810249,-2.29444506461918,0.0025,0.4905,Not significant
33178,1.05182668944148,-0.00146289885582301,7,0.000188184538445907,-0.0408430098818921,0.6891,0.983976334951456,Not significant
33179,1.05338090526477,1.36454142683762e-05,6,-0.000194316631116076,-0.000393383553139348,0.9894,0.998525051334702,Not significant
33180,1.05388169545403,0.00048894469450491,3,0.00123526042442493,0.0896061394194145,0.6167,0.965347393364929,Not significant
33181,1.05238434599155,-0.00093286022972288,5,0.000632794378807655,-0.0875787398614719,0.5561,0.965347393364929,Not significant
33182,1.05221597560594,-0.00109286247265957,4,-0.00149685340946374,0.242696931306057,0.3358,0.921708791208791,Not significant
33183,1.05196780196339,-0.00132874837420612,7,-0.00204575527974431,0.403288583418283,0.1569,0.860118483412322,Not significant
33184,1.05743094292442,0.00385107188422129,6,-0.00271046778100337,-1.54862182485404,0.0112,0.646305882352941,Not significant
33185,1.0491884933334,-0.00397425385819116,5,3.70157376754347e-05,-0.021825364941584,0.8003,0.983976334951456,Not significant
33186,1.05508844944186,0.00163334602464756,5,-9.21996351403429e-05,-0.0223422498063305,0.7984,0.983976334951456,Not significant
33187,1.05167616659718,-0.00160601522396028,6,0.000475890569582475,-0.11339039222717,0.4884,0.933090697674419,Not significant
33189,1.05042574579352,-0.0027957015505523,4,-0.00177241776816287,0.73515074799293,0.0944,0.7774425,Not significant
33190,1.05350041464654,0.000127092128875128,3,-0.00262154728790312,-0.0494305965209723,0.7192,0.983976334951456,Not significant
33193,1.05429629534892,0.000882270022858803,5,-0.000611395052882659,-0.0800281808048872,0.5757,0.965347393364929,Not significant
33194,1.05272244292081,-0.000611644285764594,7,-2.41821157043961e-05,0.00219438445749954,0.9469,0.998472746781116,Not significant
33196,1.05465698456996,0.00122432522910102,6,0.000816491548142579,0.148309166251836,0.423,0.929389979123173,Not significant
33301,1.05289810908469,-0.000444789755278667,5,-0.000690075317008671,0.045537666306872,0.7087,0.983976334951456,Not significant
33304,1.0520635152982,-0.00123776747093558,4,-0.000704211925699612,0.129318882067374,0.4876,0.933090697674419,Not significant
33305,1.05140718167753,-0.00186181575733583,5,4.47070549056059e-05,-0.0123490134636177,0.8562,0.990706007067138,Not significant
33306,1.05277858368914,-0.000558316581205552,3,-0.000354297861224255,0.029347327437499,0.7992,0.983976334951456,Not significant
33308,1.05283172969968,-0.000507836195344572,5,-0.000903096546174104,0.068042041230787,0.6252,0.965860157480315,Not significant
33309,1.05148247415056,-0.00179020717544777,6,-0.00115392747848379,0.306479414909167,0.2296,0.895357142857143,Not significant
33311,1.05465315820111,0.0012206971530061,9,-0.00102537857669556,-0.185699900979522,0.3074,0.906841071428571,Not significant
33312,1.0520587453247,-0.00124230140281852,8,-0.00011768456472531,0.0216903211370753,0.7738,0.983976334951456,Not significant
33313,1.05387852126288,0.000485932785345103,6,0.00112389110481303,0.0810251672918024,0.5696,0.965347393364929,Not significant
33314,1.05208612091351,-0.00121628077158732,5,-0.000393401409712137,0.0709887050182644,0.6159,0.965347393364929,Not significant
33315,1.05288202538259,-0.000460065521105293,4,-0.000931917883637008,0.0636087460158762,0.6631,0.978213901345292,Not significant
33316,1.05154479508426,-0.00173093934319005,4,-0.000613065945145083,0.157437629738037,0.4474,0.929389979123173,Not significant
33317,1.05484617551446,0.00140369537519899,7,0.00102660256891707,0.213793608099954,0.3101,0.906841071428571,Not significant
33319,1.0472245130933,-0.00584791215799538,6,0.00073656205774138,-0.639042415666462,0.0897,0.771892105263158,Not significant
33321,1.05739553413715,0.00381758565010119,5,-0.000735624851777365,-0.416643569445199,0.1822,0.860118483412322,Not significant
33322,1.05879388314956,0.00513915847766665,5,0.00118586998977218,0.904166870620455,0.0581,0.73618407079646,Not significant
33323,1.05253682041529,-0.000787985992685016,6,0.00102839988385238,-0.120226448290558,0.4731,0.933090697674419,Not significant
33324,1.05498546166035,0.00153573069369289,7,0.000434817881388083,0.0990699539219106,0.5045,0.941053977272727,Not significant
33325,1.04998708678593,-0.00321338992796197,5,-0.000114394099599548,0.0545364109339419,0.6671,0.978213901345292,Not significant
33326,1.05410334532223,0.000699240180216991,5,-0.00138353422629162,-0.143527719491646,0.4552,0.930315,Not significant
33327,1.05201664718941,-0.00128231720780921,9,0.000624980192223446,-0.118899827497472,0.4252,0.929389979123173,Not significant
33328,1.05469807039578,0.00126328104711457,6,0.000508540431491917,0.0953114263185911,0.5258,0.948179779411765,Not significant
33330,1.05205383727996,-0.00124696659496175,6,-1.37127859961029e-05,0.00253688054964993,0.9467,0.998472746781116,Not significant
33331,1.05255365820085,-0.000771988784260852,6,-0.000735382768636032,0.0842255665834614,0.5505,0.965347393364929,Not significant
33332,1.05245893217706,-0.000861989218741074,5,-0.000695617583460777,0.0889594084468378,0.5655,0.965347393364929,Not significant
33334,1.05474392684014,0.00130675836900764,7,-0.000641996233911921,-0.124465008071037,0.4429,0.929389979123173,Not significant
33351,1.05683990402492,0.00329197708730893,6,0.000254076925770556,0.124091356140523,0.4576,0.931339419087137,Not significant
33401,1.05505898634831,0.00160542087302305,5,0.000433261325291701,0.103194922696714,0.5186,0.942305,Not significant
33403,1.05050623967328,-0.00271907471983333,3,-0.000270541782516458,0.109137748543878,0.5648,0.965347393364929,Not significant
33404,1.05400980355058,0.000610495634637019,6,-0.000261751281074444,-0.0237077795250338,0.7764,0.983976334951456,Not significant
33405,1.05220118143465,-0.00110692258544334,5,0.000184065604203558,-0.0302279984016495,0.7584,0.983976334951456,Not significant
33406,1.05388954369712,0.000496391653587155,6,-8.38837161131953e-05,-0.00617762630292575,0.9081,0.997278131868132,Not significant
33407,1.05585465308112,0.00235928096055169,8,0.00180946336185866,0.633357558629821,0.0684,0.73618407079646,Not significant
33408,1.05284065965994,-0.000499354381833406,4,-0.00163413319035343,0.121064222455725,0.5097,0.942305,Not significant
33409,1.0541963267883,0.000787445350823222,6,0.000616323977815358,0.0720027341802839,0.5927,0.965347393364929,Not significant
33410,1.0523949684227,-0.000922766600352988,6,-0.000831271027835332,0.113803078975567,0.4825,0.933090697674419,Not significant
33411,1.06164759162766,0.00783077740224147,6,0.00192756300979307,2.23940664956851,0.0035,0.4905,Not significant
33412,1.05595652451799,0.00245575874988307,6,0.00208652226579256,0.760200629117208,0.0623,0.73618407079646,Not significant
33413,1.0542960311481,0.000882019428358798,5,0.0022425642417014,0.293455697234325,0.2683,0.906841071428571,Not significant
33414,1.05680433805753,0.00325832339414757,5,0.00181904264180646,0.879339470301986,0.0569,0.73618407079646,Not significant
33415,1.05270245761887,-0.000630628864066479,7,-5.80629896505803e-05,0.00543241249521219,0.9085,0.997278131868132,Not significant
33417,1.05439343404578,0.000974401829240079,6,0.00228077550463196,0.329716082869003,0.2114,0.881237288135593,Not significant
33418,1.05397902709646,0.000581295808081597,6,0.00069745853509711,0.0601499243456748,0.6304,0.9687375,Not significant
33426,1.05562480510438,0.00214156823144391,5,0.00151730364457527,0.482085332050336,0.1515,0.860118483412322,Not significant
33428,1.06112948430458,0.00734263633529168,6,-0.000238836589682929,-0.260179084642289,0.2681,0.906841071428571,Not significant
33430,1.05341210507713,4.32637129888711e-05,4,0.000176582860140981,0.00113342251825602,0.9717,0.998525051334702,Not significant
33431,1.05265062647796,-0.000679866344761547,6,-0.000417604652653074,0.0421219407195881,0.7015,0.983976334951456,Not significant
33432,1.04882236691112,-0.00432327628980334,3,-0.00169187840943273,1.08517964856492,0.0675,0.73618407079646,Not significant
33433,1.05173147521282,-0.00155342568824279,6,0.000467742363665856,-0.107799485873608,0.5065,0.941053977272727,Not significant
33434,1.05656243054586,0.00302939246145731,5,0.00105701598362237,0.47506889484319,0.1561,0.860118483412322,Not significant
33435,1.05891026877562,0.00524907527229227,5,-0.000432812184150307,-0.337055780604147,0.2258,0.895357142857143,Not significant
33436,1.0590784487023,0.00540788624767662,7,-0.00028510554200787,-0.22874557854178,0.2788,0.906841071428571,Not significant
33437,1.05605695080855,0.00255085879712191,5,0.000709049763448021,0.268338282894209,0.286,0.906841071428571,Not significant
33438,1.05319447863808,-0.00016334955927496,3,0.000278260021100101,-0.00674354534001233,0.9152,0.997278131868132,Not significant
33440,1.05312236659573,-0.000231821729117926,6,6.84181700728038e-05,-0.00235312553232321,0.9486,0.998472746781116,Not significant
33441,1.0509531203236,-0.00229376965273676,5,-0.00334363922504265,1.13785969710489,0.0359,0.73618407079646,Not significant
33442,1.04996527258797,-0.00323416582592159,5,-0.00285233076970487,1.36861618555182,0.0234,0.71735625,Not significant
33444,1.05086512024425,-0.00237750675017234,5,0.00211524595795841,-0.746108750495683,0.0764,0.73618407079646,Not significant
33445,1.05150899695009,-0.00176498329803751,7,0.00135817170392946,-0.355643421051693,0.1789,0.860118483412322,Not significant
33446,1.05331548353781,-4.8462943937802e-05,5,-4.33846743807199e-05,0.000311936098231746,0.9914,0.998525051334702,Not significant
33449,1.05227883445369,-0.00103312476508959,4,0.00145080195900512,-0.222372155871408,0.3504,0.925243431635389,Not significant
33455,1.05626971587459,0.00275230970915389,4,-0.00144089839097984,-0.588369510807681,0.1404,0.860118483412322,Not significant
33458,1.05393992810848,0.000544198567800566,7,-0.000872847107999404,-0.0704717526780794,0.5774,0.965347393364929,Not significant
33460,1.05168350113918,-0.00159904110335541,5,0.00010641021970814,-0.0252442497615656,0.7798,0.983976334951456,Not significant
33461,1.05383056165686,0.000440424032339792,5,-0.00088566044631298,-0.0578705699094525,0.6501,0.978213901345292,Not significant
33462,1.05449639523702,0.00107204675111732,7,0.0010718504654985,0.170477640912164,0.3581,0.925443367346939,Not significant
33463,1.04940589007136,-0.00376707066884749,6,0.00119983648539382,-0.670571872276495,0.0788,0.73618407079646,Not significant
33467,1.05313476105121,-0.000220052553055621,6,-2.685636285765e-05,0.000876784994730223,0.9793,0.998525051334702,Not significant
33469,1.05288782617313,-0.000454556096092261,3,-6.95595996366588e-05,0.00469098518320058,0.9332,0.998472746781116,Not significant
33470,1.05509082093721,0.00163559369657724,6,0.00194879706537245,0.472891541698528,0.1412,0.860118483412322,Not significant
33471,1.0531388069976,-0.000216210747836135,6,0.00144754036269703,-0.0464330767908526,0.6834,0.983976334951456,Not significant
33472,1.05455681597047,0.00112934329835129,6,0.000558746863026726,0.09361826279046,0.5254,0.948179779411765,Not significant
33473,1.05380269883791,0.000413984120354517,3,0.00121057971717847,0.0743526714238309,0.6447,0.976155555555555,Not significant
33476,1.05340110867899,3.28248206730788e-05,2,-6.00429231430444e-05,-0.000292404256659847,0.9936,0.999494262295082,Not significant
33477,1.04968074824521,-0.00350518707586443,4,-0.000333119627619522,0.173233119128109,0.4268,0.929389979123173,Not significant
33478,1.05245869339184,-0.000862216101936701,6,0.000136578621716536,-0.017471023819223,0.8215,0.983976334951456,Not significant
33480,1.05297697516184,-0.000369888753060224,6,0.000490213421755054,-0.0269014584100545,0.7665,0.983976334951456,Not significant
33483,1.05206623132554,-0.00123518585510292,3,0.00301910798710541,-0.553261510055618,0.1739,0.860118483412322,Not significant
33484,1.04983578197346,-0.00335750190520452,6,0.00143149660571558,-0.713060027179127,0.0717,0.73618407079646,Not significant
33486,1.05115468137303,-0.00210199923079988,5,-0.00241690076029321,0.753721445096512,0.077,0.73618407079646,Not significant
33487,1.05990259369589,0.0061857554391963,6,-0.00219285312683415,-2.01243467204281,0.0048,0.5886,Not significant
33493,1.05259757527296,-0.000730265347568468,3,-0.000490291741312756,0.05311959705089,0.7027,0.983976334951456,Not significant
33496,1.04943212141297,-0.00374207460772604,7,0.00104030623318039,-0.577554728318721,0.0908,0.77456347826087,Not significant
33498,1.05750151646446,0.00391781022355053,4,0.00164537281127129,0.956372793111447,0.0596,0.73618407079646,Not significant
33510,1.05449568814677,0.00107137620308367,5,3.94279869210896e-05,0.00626709244029705,0.9157,0.997278131868132,Not significant
33511,1.06120392090596,0.00741278233707575,7,1.82082946400779e-05,0.0200248845738545,0.7964,0.983976334951456,Not significant
33513,1.05519915211853,0.00173826317119188,8,0.00118229620037122,0.304902737572811,0.2065,0.881237288135593,Not significant
33514,1.05465652482647,0.00122388931145156,4,0.00046129324912008,0.0837603998552901,0.6023,0.965347393364929,Not significant
33521,1.05308603810241,-0.000266318309072838,4,0.000691766101264315,-0.027332528027807,0.7875,0.983976334951456,Not significant
33523,1.05427870155449,0.000865582170200836,8,0.000968865754224719,0.124420347079861,0.4192,0.929389979123173,Not significant
33525,1.0557033457308,0.00221596749185399,10,0.000527164826476972,0.173312270398855,0.313,0.91113649851632,Not significant
33527,1.05440280889865,0.000983293018127884,9,-0.000887741999422103,-0.129505801338612,0.4097,0.929389979123173,Not significant
33530,1.05335021389129,-1.54910741992503e-05,2,1.1608697666244e-05,-2.66799207889512e-05,0.9996,0.9996,Not significant
33534,1.05296921295668,-0.000377260456289261,2,0.00112122867804547,-0.0627559609410245,0.7038,0.983976334951456,Not significant
33538,1.05670792864343,0.00316709192538967,10,0.00036861476912338,0.173201999747041,0.307,0.906841071428571,Not significant
33540,1.05584819461632,0.00235316412947343,7,-0.00123792654350689,-0.432181921193115,0.1376,0.860118483412322,Not significant
33541,1.05404729066075,0.000646061189551531,6,0.000787437954114795,0.0754761080387243,0.5878,0.965347393364929,Not significant
33542,1.05249988900428,-0.000823074607380424,2,0.00149961265951248,-0.183120852947542,0.4807,0.933090697674419,Not significant
33543,1.05503258644778,0.00158039835658142,5,0.000367514004147101,0.0861707678712211,0.5751,0.965347393364929,Not significant
33544,1.05314750710124,-0.000207949664257481,6,0.000193782410688379,-0.0059784978699327,0.9052,0.997278131868132,Not significant
33545,1.05280654511819,-0.000531757285488523,5,0.000507518802134928,-0.0400391718411239,0.7102,0.983976334951456,Not significant
33547,1.05561522208748,0.00213249013821151,10,0.00109540541094629,0.346562377506802,0.1511,0.860118483412322,Not significant
33548,1.05772161976718,0.00412592377880191,5,0.000685327596383005,0.419506719697878,0.1801,0.860118483412322,Not significant
33549,1.05049095126901,-0.00273362819409431,5,0.000295868318752639,-0.119993414023288,0.4877,0.933090697674419,Not significant
33550,1.05335916334704,-6.99492769756088e-06,1,-0.00111790434925869,0.00116013192118574,0.9758,0.998525051334702,Not significant
33556,1.0527309275313,-0.000603584633993654,8,0.000249486125063348,-0.0223410753742743,0.7787,0.983976334951456,Not significant
33558,1.05328132925723,-8.08889690586678e-05,7,0.000729839498530909,-0.00875862968564913,0.8776,0.994804152249135,Not significant
33559,1.05230971184134,-0.00100378184415642,5,-0.000500440617778863,0.0745266137461467,0.6048,0.965347393364929,Not significant
33563,1.05491950967328,0.0014732141462719,2,-0.00327611934638362,-0.716052880002877,0.1532,0.860118483412322,Not significant
33565,1.04948111711942,-0.00369538786950712,7,-0.00122022783970986,0.668991283366243,0.0732,0.73618407079646,Not significant
33566,1.05036151498699,-0.00285685082326013,6,-0.000585043119564991,0.247967601072092,0.2774,0.906841071428571,Not significant
33567,1.05235570532764,-0.000960075622795396,6,0.000734536852948208,-0.1046257378253,0.5054,0.941053977272727,Not significant
33569,1.05228634430366,-0.00102598804150586,4,0.00273039746993404,-0.415611611681257,0.2118,0.881237288135593,Not significant
33570,1.05063024325414,-0.00260103994959599,4,0.00167457284019432,-0.646205376044055,0.1181,0.840958695652174,Not significant
33572,1.05561257936957,0.00212998664909235,4,0.000850121443030946,0.26864412848496,0.3039,0.906841071428571,Not significant
33573,1.05998798292199,0.00626631547101045,5,1.40423461202632e-05,0.0130548362783987,0.8512,0.990706007067138,Not significant
33574,1.05334984657062,-1.58397908252561e-05,2,0.000259542064399584,-0.000609925369361967,0.9905,0.998525051334702,Not significant
33576,1.05158060708271,-0.00169688336305482,6,0.000523239230075179,-0.131726086880903,0.4407,0.929389979123173,Not significant
33578,1.05348501108515,0.000112470706998588,7,0.00213045424945216,0.0355493069629122,0.7148,0.983976334951456,Not significant
33579,1.05469866698627,0.0012638466974503,5,0.00133004718027415,0.249391097112756,0.3106,0.906841071428571,Not significant
33584,1.05218962647324,-0.00111790434925869,7,-0.000257373961153519,0.0426863237085829,0.6824,0.983976334951456,Not significant
33585,1.05300802094389,-0.000340405369168524,8,0.000684778426727113,-0.0345832633980487,0.7038,0.983976334951456,Not significant
33592,1.05329272435743,-7.00703603511224e-05,8,0.00053911551219438,-0.00560448459957347,0.8989,0.997278131868132,Not significant
33594,1.05238116804859,-0.000935879989349339,5,0.00157580783294785,-0.218797783129133,0.3349,0.921708791208791,Not significant
33596,1.05287103069503,-0.000470508044289393,4,0.00239817137601645,-0.167404361601562,0.4294,0.929389979123173,Not significant
33597,1.05639493712396,0.00287085313187825,6,0.000959425248633855,0.408640700116213,0.1609,0.860118483412322,Not significant
33598,1.05248728248243,-0.000835052373343935,6,0.00116497179402961,-0.144327346209379,0.4185,0.929389979123173,Not significant
33602,1.05199076595718,-0.00130691905290903,4,-0.00163049275262774,0.316145542714737,0.2719,0.906841071428571,Not significant
33603,1.04900496480621,-0.00414919342531696,6,-0.0023693547663011,1.4585229766017,0.0121,0.65945,Not significant
33604,1.04723523928601,-0.00583766971461976,6,-0.00106031825803707,0.918322574660415,0.0436,0.73618407079646,Not significant
33605,1.05181115709888,-0.00147766598185633,5,-0.00213387534623854,0.467804959953609,0.1592,0.860118483412322,Not significant
33606,1.05331238337667,-5.14061891044165e-05,5,-6.36308351342457e-05,0.000485291331457213,0.9873,0.998525051334702,Not significant
33607,1.05247817530634,-0.000843705414233259,6,0.000178092078954175,-0.0222923031721282,0.7978,0.983976334951456,Not significant
33609,1.05641429689926,0.00288917923059554,3,-0.000158051520201943,-0.0677474046881105,0.6587,0.978213901345292,Not significant
33610,1.04873628429617,-0.00440535515319364,8,-0.00166396528432873,1.08753862082772,0.0202,0.674041935483871,Not significant
33611,1.05753499678673,0.00394946955621048,3,2.59703863538449e-05,0.0152172677467856,0.8628,0.994570691676436,Not significant
33612,1.05357938372728,0.000202048075810507,6,-0.00103823625310745,-0.0311222086035948,0.7524,0.983976334951456,Not significant
33613,1.05086739318324,-0.00237534383079114,9,0.000720252305189896,-0.253822805789915,0.23,0.895357142857143,Not significant
33614,1.05300337938761,-0.000344813280994581,7,0.000288526241279166,-0.0147600831508992,0.8259,0.983976334951456,Not significant
33615,1.05665083124316,0.0031130571809117,3,0.000829020695709106,0.382888190369833,0.2457,0.906841071428571,Not significant
33616,1.05301058944127,-0.000337966171940048,2,0.00197219492224011,-0.0988877669528269,0.6098,0.965347393364929,Not significant
33617,1.05062484762221,-0.00260617557729861,6,-0.00181021701153334,0.699928718983672,0.0717,0.73618407079646,Not significant
33618,1.05858470873261,0.00494157981277089,6,-9.24893014508018e-05,-0.0678073566533451,0.6046,0.965347393364929,Not significant
33619,1.05256995803996,-0.00075650291066863,5,0.000542721622421608,-0.060912612834664,0.6431,0.976155555555555,Not significant
33620,1.05335916334703,-6.99492771147336e-06,3,-0.00159315711075975,0.00165333682131049,0.9681,0.998525051334702,Not significant
33621,1.05336118075926,-5.07971173026312e-06,2,0.00180575169213522,-0.00136086986948772,0.9751,0.998525051334702,Not significant
33624,1.05724468999137,0.00367491916308826,6,0.00216229909948821,1.17891653467047,0.026,0.73618407079646,Not significant
33625,1.05368289243772,0.000300288063955198,7,0.0013756137937358,0.061284986241413,0.6028,0.965347393364929,Not significant
33626,1.05477795492904,0.00133901979203085,5,-7.68179527767463e-05,-0.0152605162713101,0.8422,0.990706007067138,Not significant
33629,1.05381004694795,0.000420957042731845,3,0.00226241419923387,0.141295847480773,0.4977,0.937504606525912,Not significant
33634,1.05762196742498,0.00403170519145449,5,0.00117994914254546,0.705783592353737,0.0832,0.73618407079646,Not significant
33635,1.0514249344056,-0.00184493116828238,4,0.00159761117325822,-0.437291220534498,0.1887,0.869083098591549,Not significant
33637,1.05501318998356,0.00156201348130548,6,-0.00142892718826868,-0.33114208466759,0.2088,0.881237288135593,Not significant
33647,1.05547673023666,0.0020012861412811,6,-8.57889769448778e-05,-0.025471831769834,0.7699,0.983976334951456,Not significant
33701,1.05466694833714,0.00123377258521332,2,0.0018404671647122,0.336885788436677,0.3238,0.918471671388102,Not significant
33702,1.0498698438391,-0.00332505748516195,5,-0.00112068268773145,0.552842372466512,0.1258,0.853131724137931,Not significant
33703,1.04979342611591,-0.00339784794096262,4,-0.00130426626321569,0.657490831920299,0.1137,0.838644360902256,Not significant
33704,1.05195298094481,-0.00134283732536748,4,0.000795798564255034,-0.158542629413871,0.4455,0.929389979123173,Not significant
33705,1.05867171933549,0.00502377165479187,4,0.000262331868394999,0.195524167151617,0.3926,0.929389979123173,Not significant
33706,1.05432994078842,0.000914182211873026,4,-0.00101220261093726,-0.137283935578307,0.4756,0.933090697674419,Not significant
33707,1.0482579249186,-0.00486158854073962,5,0.000916662226158362,-0.661160707893485,0.0986,0.7981416,Not significant
33708,1.05085960373341,-0.00238275625861027,8,-0.000995758791448589,0.352008596319772,0.1693,0.860118483412322,Not significant
33709,1.04948251875923,-0.00369405231534164,5,-0.000274360977590453,0.150364351063768,0.4221,0.929389979123173,Not significant
33710,1.05523731060184,0.00177442486948193,7,-0.00148904121997307,-0.391997987059002,0.1641,0.860118483412322,Not significant
33711,1.0535246501508,0.000150096605340377,5,-0.000101532394280924,-0.00226097103533203,0.9479,0.998472746781116,Not significant
33712,1.05424634843632,0.000834894255756592,3,0.0018324554060366,0.226978325981028,0.3917,0.929389979123173,Not significant
33713,1.05370734858979,0.000323497957977564,8,-0.00033646932775123,-0.0161486612739521,0.8076,0.983976334951456,Not significant
33714,1.05244769304753,-0.0008726682003109,6,-0.00120635720764499,0.156186889207589,0.4029,0.929389979123173,Not significant
33715,1.05486454488271,0.00142110948611891,3,-0.00126576990784207,-0.266871259995652,0.3453,0.925243431635389,Not significant
33716,1.05260579654397,-0.000722454918301786,3,-0.0018608979855739,0.199458624053565,0.4222,0.929389979123173,Not significant
33744,1.05333524858539,-2.9698516329113e-05,1,-0.00238275625861027,0.0104986600525843,0.8858,0.997278131868132,Not significant
33755,1.05180367278594,-0.00148478165040447,4,-0.00365452653000746,0.805032125697668,0.0842,0.73618407079646,Not significant
33756,1.04847125667046,-0.00465809850066321,7,-0.000307801893077447,0.212715656046464,0.3049,0.906841071428571,Not significant
33759,1.05534126735276,0.00187293506198632,5,0.000281385068387653,0.0781885697407373,0.5881,0.965347393364929,Not significant
33760,1.05108667502882,-0.00216669812373968,5,-0.00134363909970425,0.431917242237473,0.1765,0.860118483412322,Not significant
33761,1.05508918961604,0.00163404755248928,7,-0.00126282896725383,-0.30614609707572,0.2109,0.881237288135593,Not significant
33762,1.05277017639809,-0.000566302424340998,3,-0.0015268290297534,0.128279816646641,0.5304,0.950925547445256,Not significant
33763,1.04997159853329,-0.00322814093497503,5,-0.0009419331440641,0.451119984679376,0.1662,0.860118483412322,Not significant
33764,1.05510034247466,0.00164461803295763,6,-0.00191008558558686,-0.466055219502836,0.1431,0.860118483412322,Not significant
33765,1.05294161032559,-0.000403474891185446,5,-0.00117069359821975,0.0700776061050374,0.6198,0.965347393364929,Not significant
33767,1.05030320864422,-0.00291236310194654,3,-0.00369309163738072,1.5957141831228,0.0283,0.73618407079646,Not significant
33770,1.05659294151452,0.00305826962691623,6,-0.00150643700938882,-0.683512166272687,0.0798,0.73618407079646,Not significant
33771,1.05129964831225,-0.00196409664960676,6,-0.000891843046673344,0.25987876036492,0.2712,0.906841071428571,Not significant
33772,1.05187588682501,-0.00141612667034866,5,-0.00205563167497789,0.431883790269122,0.1754,0.860118483412322,Not significant
33773,1.04901347543375,-0.0041410804103124,7,-0.000807629047114951,0.496186672449322,0.1158,0.838899264705882,Not significant
33774,1.05085511655796,-0.00238702627243544,4,-0.000143225555639215,0.050722098817172,0.695,0.983976334951456,Not significant
33776,1.04948199032521,-0.00369455583411835,5,-0.00122450504334982,0.671185110287644,0.0937,0.7774425,Not significant
33777,1.0523434756112,-0.000971696966649817,6,-0.00204074300561582,0.294197287831513,0.2456,0.906841071428571,Not significant
33778,1.05432756737096,0.000911931094801359,6,-0.00175743603498423,-0.237772187065154,0.2911,0.906841071428571,Not significant
33781,1.05450572221138,0.00108089166813678,5,-0.00211096180293661,-0.338518217335796,0.2347,0.895447674418605,Not significant
33782,1.05158644265182,-0.00169133404721874,7,-0.00154462838005284,0.387590302551202,0.167,0.860118483412322,Not significant
33785,1.05247307953939,-0.000848547110156105,5,-0.00109977067130412,0.138451477109912,0.4604,0.933090697674419,Not significant
33786,1.05326879986654,-9.27846182727787e-05,4,-0.0013401847714624,0.0184484619615492,0.833,0.986923913043478,Not significant
33801,1.05628516855361,0.00276693908435649,5,-0.000401950613299229,-0.16500298263253,0.4136,0.929389979123173,Not significant
33803,1.05194648022429,-0.00134901701279466,8,0.00167236841230003,-0.334710151002912,0.1818,0.860118483412322,Not significant
33805,1.05394045084845,0.000544694554176974,6,-0.00133014156291683,-0.107490578036697,0.4895,0.933090697674419,Not significant
33809,1.05402873278438,0.000628454731185876,5,-0.000777174430753025,-0.0724622816719112,0.5995,0.965347393364929,Not significant
33810,1.04622945744855,-0.00679854755164448,6,-0.000655884331387987,0.661550339394444,0.0819,0.73618407079646,Not significant
33811,1.0558073667249,0.00231449504709929,6,-7.40777179210549e-05,-0.0254368513216257,0.7788,0.983976334951456,Not significant
33812,1.05402028680086,0.000620441650424651,3,0.0021306913709844,0.196128629005286,0.4164,0.929389979123173,Not significant
33813,1.06023358335,0.00649798977620042,5,0.000935661169197333,0.902022002059047,0.0577,0.73618407079646,Not significant
33815,1.04955415350599,-0.00362579743658651,7,-0.00129623922451052,0.697281588237803,0.0671,0.73618407079646,Not significant
33823,1.05205659465485,-0.00124434565373134,6,0.00113339033016719,-0.209237749032331,0.3276,0.918471671388102,Not significant
33825,1.05772080644972,0.00412515484513124,6,-0.000295014146993971,-0.180552122716629,0.3634,0.925443367346939,Not significant
33827,1.05392116979726,0.000526400135788641,3,0.00214238482421449,0.167314267712074,0.4653,0.933090697674419,Not significant
33830,1.05467678712244,0.00124310134954744,10,0.0011964781735071,0.220663661121512,0.2503,0.906841071428571,Not significant
33834,1.0554176340525,0.00194529453395056,6,-0.000283982016380381,-0.0819588216963658,0.5651,0.965347393364929,Not significant
33837,1.05347160541465,9.97455560480115e-05,4,0.000431942120297891,0.00639202717317407,0.905,0.997278131868132,Not significant
33838,1.05345637886124,8.52917602595649e-05,6,0.000956026236023418,0.0120975211269698,0.8538,0.990706007067138,Not significant
33839,1.05429484800981,0.000880897220817647,2,0.00245390691599342,0.32070285446907,0.3376,0.921708791208791,Not significant
33840,1.05325810920371,-0.000102934655080912,1,-0.00134901701279466,0.0206014857086308,0.8371,0.990573614457831,Not significant
33841,1.05102978396013,-0.00222082554229143,9,0.00078827313556817,-0.259723155554787,0.2243,0.895357142857143,Not significant
33843,1.05272472001945,-0.000609481231113089,6,0.00171065633867882,-0.154683007730024,0.4069,0.929389979123173,Not significant
33844,1.05470722838682,0.00127196405463666,10,9.09984885103763e-05,0.0171723020242856,0.794,0.983976334951456,Not significant
33847,1.05428409015883,0.000870693333468099,2,-0.000488862096371997,-0.0631496700991155,0.7031,0.983976334951456,Not significant
33848,1.05306563329212,-0.000285694701161757,4,0.000469745386751793,-0.0199105937041108,0.8206,0.983976334951456,Not significant
33849,1.05321861335288,-0.000140434097070569,4,-0.000400240299782797,0.0083389790444371,0.8962,0.997278131868132,Not significant
33850,1.05180862819527,-0.00148007031711499,4,0.000332921144512657,-0.0731043515043609,0.6196,0.965347393364929,Not significant
33851,1.05305715722597,-0.000293743677404042,3,0.000789624847707523,-0.0344119144625288,0.7745,0.983976334951456,Not significant
33852,1.06234267281258,0.00848528248295351,8,0.00076092495648629,0.957916456165615,0.0315,0.73618407079646,Not significant
33853,1.05267106559669,-0.000660449721820652,2,0.00351831785187827,-0.344742109314797,0.3271,0.918471671388102,Not significant
33854,1.0532083892189,-0.000150141657758077,1,0.00483293581164983,-0.107654387623765,0.6178,0.965347393364929,Not significant
33855,1.05420594905016,0.000796572889687944,2,0.00211172729026837,0.249564527104732,0.4005,0.929389979123173,Not significant
33856,1.05326497045211,-9.64203676536019e-05,1,0.00483293581164983,-0.0691352139652823,0.6899,0.983976334951456,Not significant
33857,1.0524255368937,-0.000893720445662445,5,0.0019989570657365,-0.265048078886751,0.296,0.906841071428571,Not significant
33859,1.05569039486414,0.00220369989210672,8,0.000253132912599057,0.0827600163254077,0.5202,0.943283179297597,Not significant
33860,1.0553163085628,0.00184928481170995,7,0.0015646385257032,0.429276706538115,0.1489,0.860118483412322,Not significant
33865,1.0529922805804,-0.000355353480499289,6,-0.000256564937175287,0.0135262490268386,0.8468,0.990706007067138,Not significant
33867,1.05332095746129,-4.32661065822085e-05,2,0.0021215429678146,-0.0136181824644604,0.8764,0.994804152249135,Not significant
33868,1.05367463094817,0.000292447448918966,8,9.13652164699031e-05,0.00396413308048898,0.9197,0.997278131868132,Not significant
33870,1.05278339804985,-0.000553743587630259,6,0.000421636922449184,-0.0346391196452178,0.7332,0.983976334951456,Not significant
33872,1.0506456814473,-0.0025863458363875,4,0.00106519855881243,-0.408730143598077,0.208,0.881237288135593,Not significant
33873,1.04926570494801,-0.00390066481849601,4,-0.000315877246257883,0.182800120461396,0.4057,0.929389979123173,Not significant
33875,1.05476001086359,0.0013220074739401,5,0.00177303220045838,0.347752318734919,0.2252,0.895357142857143,Not significant
33876,1.05774982816236,0.00415259243954751,4,0.00208995648090023,1.28758542756854,0.0321,0.73618407079646,Not significant
33877,1.05333122052573,-3.35226239584485e-05,4,0.00151720814675157,-0.00754575451758815,0.9082,0.997278131868132,Not significant
33880,1.05723389908752,0.00366471248243939,7,0.000322299834201726,0.175234450303433,0.3474,0.925243431635389,Not significant
33881,1.05443267602994,0.00101161872822634,7,0.000135816253153631,0.0203839388150256,0.7948,0.983976334951456,Not significant
33884,1.05225782053742,-0.00105309487700983,6,0.0013624835981035,-0.212871874233005,0.324,0.918471671388102,Not significant
33890,1.05270035681412,-0.000632624496191371,8,0.000763903720761175,-0.0716975195133279,0.5638,0.965347393364929,Not significant
33896,1.05294371181168,-0.000401479069221639,6,0.000368660822616506,-0.0219588401602869,0.7915,0.983976334951456,Not significant
33897,1.05133303075047,-0.00193234365864491,5,0.000557225091032419,-0.159747669507724,0.4203,0.929389979123173,Not significant
33898,1.05846970610161,0.00483293581164983,15,0.000128777823547793,0.092336117374548,0.43,0.929389979123173,Not significant
33901,1.04448531179062,-0.00846701623824457,6,0.00183403768827025,-2.30387095483194,0.0033,0.4905,Not significant
33903,1.05817103116947,0.00455071981829219,5,-0.00127986784294138,-0.864101433983452,0.0603,0.73618407079646,Not significant
33904,1.0585056456634,0.00486688950105599,6,-0.00176331191626814,-1.27321025949722,0.0203,0.674041935483871,Not significant
33905,1.05628315296414,0.00276503089568615,6,0.00034278195393059,0.140616874106361,0.4309,0.929389979123173,Not significant
33907,1.05229531177665,-0.00101746618353344,6,-0.00151209597189298,0.228254233586715,0.3011,0.906841071428571,Not significant
33908,1.05111923141995,-0.00213572457255101,9,0.000699453391321344,-0.221627437804757,0.2659,0.906841071428571,Not significant
33909,1.05518266751592,0.00172264078243074,6,-0.000323718133456481,-0.082733472558129,0.5661,0.965347393364929,Not significant
33912,1.05322555985602,-0.000133838619031247,5,0.000614744169363779,-0.0122066183490826,0.8552,0.990706007067138,Not significant
33913,1.05769815789746,0.00410374201613887,11,0.000721229256699208,0.43910955499154,0.1032,0.803485714285714,Not significant
33914,1.05412158709539,0.0007165455188246,5,-0.000372990721508487,-0.039651654542808,0.7218,0.983976334951456,Not significant
33916,1.05417108572026,0.000763501641679647,6,-0.000587879417285029,-0.0665913364867741,0.6019,0.965347393364929,Not significant
33917,1.05058233334746,-0.00264664210067744,7,0.00118195017668838,-0.464102478309721,0.1305,0.858048,Not significant
33919,1.05295833069014,-0.000387595347977603,4,-0.00168832937331826,0.0970856926157831,0.5641,0.965347393364929,Not significant
33920,1.05302566307913,-0.000323651472610112,7,0.000600235743407546,-0.0288216567758946,0.7461,0.983976334951456,Not significant
33921,1.05289969020213,-0.000443288075075814,2,-0.000814260461014578,0.0535511616655647,0.7359,0.983976334951456,Not significant
33922,1.0561742147707,0.00266189206296402,2,-0.00103093048914122,-0.407135831843816,0.2835,0.906841071428571,Not significant
33924,1.05325010276754,-0.00011053627383488,1,0.0017540346841012,-0.0287648754771082,0.7988,0.983976334951456,Not significant
33928,1.05408085124849,0.000677900418938913,7,0.000917210736441024,0.0922474846828713,0.509,0.942305,Not significant
33930,1.05326547411323,-9.59421774411953e-05,6,0.00241069034167747,-0.0343139330546511,0.7224,0.983976334951456,Not significant
33931,1.05366340499235,0.000281793291272141,2,-0.00083997245610291,-0.0351168211475685,0.7894,0.983976334951456,Not significant
33935,1.05267113452598,-0.000660384241455467,8,0.00083087091599512,-0.0814047523437047,0.5287,0.950925547445256,Not significant
33936,1.06171469745898,0.00789398454469337,7,-0.000280310707837187,-0.328288342230016,0.1999,0.881237288135593,Not significant
33944,1.05334418448099,-2.12151225517931e-05,3,-0.000421245046207761,0.00132586666759915,0.9762,0.998525051334702,Not significant
33946,1.05344404296961,7.35817700780322e-05,5,-0.00156885319359181,-0.017126634838451,0.8261,0.983976334951456,Not significant
33947,1.05408829671443,0.00068496386159262,3,-0.00132129944015558,-0.134272913008579,0.5148,0.942305,Not significant
33948,1.05020020941097,-0.00301043410001603,3,2.21507941217042e-05,-0.00989322591262491,0.8907,0.997278131868132,Not significant
33950,1.05070601671051,-0.0025289206435646,4,0.00137200656540449,-0.514767230238527,0.1595,0.860118483412322,Not significant
33952,1.04936503238594,-0.00380600553781361,3,0.00163941884095209,-0.925718277911866,0.0825,0.73618407079646,Not significant
33953,1.05658731758731,0.00305294691279192,6,-0.00116343112917851,-0.526962163241194,0.1183,0.840958695652174,Not significant
33954,1.05423013082764,0.000819511007386801,9,0.000231556917618647,0.0281534778745915,0.7307,0.983976334951456,Not significant
33955,1.05206794750397,-0.00123355461081635,5,-0.00114614176590639,0.209756882959267,0.3518,0.925243431635389,Not significant
33956,1.0536245221377,0.00024489007159461,3,0.00035722884397052,0.0129788794118978,0.8739,0.994804152249135,Not significant
33957,1.05521579433681,0.0017540346841012,1,-0.00011053627383488,-0.0287648754771082,0.7988,0.983976334951456,Not significant
33960,1.05295880999546,-0.00038714014933168,6,0.00147640186583422,-0.084799306321766,0.5572,0.965347393364929,Not significant
33966,1.05472424437961,0.00128809730476693,5,0.001296193950188,0.247706933307671,0.31,0.906841071428571,Not significant
33967,1.05424653611985,0.00083507228199755,4,0.000628019810873881,0.0778066852020672,0.6087,0.965347393364929,Not significant
33971,1.05217862976395,-0.00112835566571436,7,0.00182215635682214,-0.305036040817498,0.2171,0.895357142857143,Not significant
33972,1.0512083461024,-0.00205094741083587,3,0.00214732580212297,-0.653389224890842,0.1427,0.860118483412322,Not significant
33973,1.05269091207703,-0.000641596450457367,3,0.00132797290852148,-0.126406867414388,0.5449,0.965347393364929,Not significant
33974,1.05472474678,0.00128857363805676,4,0.00322757918963274,0.617029104772761,0.126,0.853131724137931,Not significant
33976,1.05442942168342,0.00100853237513993,5,0.00230326961654346,0.344630828304735,0.2245,0.895357142857143,Not significant
33980,1.06088178541049,0.0071091796154855,5,-0.00118060278340852,-1.24521054765823,0.0279,0.73618407079646,Not significant
33981,1.05157511855182,-0.00170210269210719,7,-0.0010662721467191,0.269260919355924,0.244,0.906841071428571,Not significant
33982,1.05339704188595,2.89641821564282e-05,10,-8.0603221414871e-05,-0.000346364338128609,0.9868,0.998525051334702,Not significant
33983,1.05292782948016,-0.000416562925207621,5,0.000893680766750879,-0.0552309517131293,0.6618,0.978213901345292,Not significant
33990,1.05571623511148,0.00222817670010473,6,-0.000361295790684613,-0.119435114806906,0.4696,0.933090697674419,Not significant
33991,1.05070040919761,-0.00253425755776497,5,0.0014455002905078,-0.543486091794024,0.1276,0.857367123287671,Not significant
33993,1.05093947757232,-0.00230675104987706,7,0.000543761852476767,-0.1860925403287,0.3458,0.925243431635389,Not significant
34102,1.0499122661377,-0.00328465110356227,4,0.00125238799492121,-0.610306003999247,0.1296,0.858048,Not significant
34103,1.05484101332978,0.00139880158363141,3,-0.00232909880658983,-0.483352010299686,0.2052,0.881237288135593,Not significant
34104,1.05375270974123,0.00036654612989287,6,0.000145968919498303,0.00793795317526017,0.893,0.997278131868132,Not significant
34105,1.05297459250383,-0.000372151538248149,7,-0.000329477371049028,0.0181913492359381,0.8091,0.983976334951456,Not significant
34108,1.04986413645474,-0.00333049377795908,5,-0.000882626799461786,0.436119230959667,0.1774,0.860118483412322,Not significant
34109,1.05392359771366,0.00052870383143161,5,-0.00162243222229079,-0.127261934825113,0.481,0.933090697674419,Not significant
34110,1.0466211135178,-0.00642426753446899,5,1.02600458924695e-07,-9.77895444386208e-05,0.9982,0.9996,Not significant
34112,1.05718277600434,0.00361635580440869,4,-0.00185034171180884,-0.99275616620725,0.0573,0.73618407079646,Not significant
34113,1.05058374801471,-0.00264529554624569,3,0.00171405575606502,-0.67269569229332,0.1287,0.858048,Not significant
34114,1.05143225743855,-0.00183796632732026,10,0.000427012875434957,-0.1164388806474,0.4116,0.929389979123173,Not significant
34116,1.05634096710793,0.00281976296397743,5,-6.94898167888939e-05,-0.0290705514205323,0.7688,0.983976334951456,Not significant
34117,1.05329750007972,-6.55362822656325e-05,7,7.03057184930842e-05,-0.000683584100749509,0.9802,0.998525051334702,Not significant
34119,1.0525189008842,-0.000805011224755167,7,-0.000345990087452339,0.041322357776207,0.6929,0.983976334951456,Not significant
34120,1.05119885462217,-0.00205997656582471,5,0.00100578704937988,-0.307388644773004,0.2554,0.906841071428571,Not significant
34134,1.05384674401119,0.000455779660345192,6,-0.00129654294358933,-0.0876720874909598,0.5433,0.965347393364929,Not significant
34135,1.05669148913054,0.00315153451323207,5,-0.00163111504915295,-0.762651560532238,0.0809,0.73618407079646,Not significant
34137,1.05330200137095,-6.12627682677891e-05,4,3.65460036193307e-05,-0.000332166638283128,0.9944,0.999494262295082,Not significant
34138,1.05326398532911,-9.7355672150419e-05,3,-0.000635469611191618,0.00917858105607463,0.899,0.997278131868132,Not significant
34139,1.05331588552033,-4.80813085685927e-05,3,-0.000651894399052226,0.00465021496576501,0.9338,0.998472746781116,Not significant
34140,1.05322048376674,-0.00013865819587449,2,0.000762905731893186,-0.0156940822393305,0.8642,0.994570691676436,Not significant
34141,1.05334508395817,-2.0361197686003e-05,7,-0.000179384367819164,0.000541885357491581,0.9848,0.998525051334702,Not significant
34142,1.05554930908562,0.00207004782174922,8,0.000280842714309316,0.0862507820034517,0.5182,0.942305,Not significant
34145,1.05691578859808,0.00336377779110663,3,-0.00154064002314681,-0.768861254296531,0.1112,0.832726717557252,Not significant
34201,1.05270360539725,-0.000629538548614216,4,0.00203981381690663,-0.19051639658185,0.3914,0.929389979123173,Not significant
34202,1.0531802384419,-0.000176870606665568,5,0.000979278474145297,-0.0256969378834031,0.7835,0.983976334951456,Not significant
34203,1.05761345938423,0.00402366065831288,7,-0.000930920298017157,-0.55571657139993,0.0951,0.7774425,Not significant
34205,1.05102174733245,-0.00222847200343704,6,-0.000758345716594275,0.250722853239021,0.2832,0.906841071428571,Not significant
34207,1.04664674156029,-0.00639978137764353,4,0.000359960744805562,-0.341774597977756,0.2519,0.906841071428571,Not significant
34208,1.05332128307472,-4.29569763249482e-05,7,0.000368818399579951,-0.00235052992394545,0.9483,0.998472746781116,Not significant
34209,1.05492742831245,0.00148072050991507,5,-0.00109525417662079,-0.240606586053203,0.3161,0.916757522123894,Not significant
34210,1.05047505690047,-0.00274875872784354,8,-0.000464070525755523,0.189251839104623,0.3168,0.916757522123894,Not significant
34211,1.05396476534562,0.000567764374375251,5,0.000479280848943281,0.0403717630055317,0.7218,0.983976334951456,Not significant
34212,1.05292117538871,-0.000422882553469284,5,0.000208975565634612,-0.0131109686400439,0.8571,0.990706007067138,Not significant
34215,1.05402116735942,0.000621277078548706,3,-0.000508465687439656,-0.0468669274987465,0.7253,0.983976334951456,Not significant
34216,1.05366473984966,0.00028306016307994,1,-0.000257358844390494,-0.0108078012932456,0.8805,0.995127304147465,Not significant
34217,1.05309547323184,-0.000257358844390494,5,0.000188114324243964,-0.00718257989651398,0.8952,0.997278131868132,Not significant
34219,1.05420026046837,0.000791176793082993,9,0.000143052726620309,0.0167914879057993,0.8022,0.983976334951456,Not significant
34221,1.05245791216883,-0.000862958385981584,8,-0.000239317144063073,0.0306396052670383,0.7382,0.983976334951456,Not significant
34222,1.05411831341557,0.000713439914176439,4,-0.000134405280673206,-0.0142263417059912,0.855,0.990706007067138,Not significant
34223,1.04911063824626,-0.00404846166393109,5,-0.000410448324771184,0.246529003160266,0.3059,0.906841071428571,Not significant
34224,1.05090939344312,-0.0023353773984376,4,-0.00124800468109191,0.432407071975305,0.1954,0.8811,Not significant
34228,1.05474130499102,0.00130427259751965,4,-0.00100305339452775,-0.194093916269811,0.388,0.929389979123173,Not significant
34229,1.05275968289326,-0.000576269991203686,4,0.000683763909013495,-0.0584590400315382,0.6711,0.982610597014926,Not significant
34231,1.05836277969821,0.00473191090371389,5,-0.00032655300090171,-0.229250208288576,0.3211,0.918471671388102,Not significant
34232,1.05033448089461,-0.00288258904757739,7,0.000888859949288095,-0.380132998338217,0.1661,0.860118483412322,Not significant
34233,1.05419815657171,0.000789181063393686,6,0.000450520273927925,0.0527485464011798,0.655,0.978213901345292,Not significant
34234,1.05270666174751,-0.000626635218746487,6,-7.23816533953967e-05,0.00672919014537203,0.9023,0.997278131868132,Not significant
34235,1.05266294082648,-0.000668167993781596,4,-0.000362849818865075,0.0359693077874897,0.7527,0.983976334951456,Not significant
34236,1.05296689607859,-0.00037946078713047,5,0.000337151007571639,-0.0189806406140803,0.8191,0.983976334951456,Not significant
34237,1.0530130936199,-0.000335588061326365,5,-0.000394937188310074,0.0196631926040969,0.8213,0.983976334951456,Not significant
34238,1.05001229531591,-0.00318938179710995,5,0.00138355444113886,-0.654669736219609,0.1017,0.7981416,Not significant
34239,1.05609001468302,0.00258216710568557,6,0.000114165447633195,0.0437359464552607,0.6986,0.983976334951456,Not significant
34240,1.05538993775568,0.00191905216378924,7,-0.000278426864192006,-0.0792715622333189,0.5498,0.965347393364929,Not significant
34241,1.05288416045701,-0.000458037684933819,6,-0.000319549329986145,0.0217149394766988,0.797,0.983976334951456,Not significant
34242,1.0520627852565,-0.00123846138527418,4,0.00158958680776633,-0.292069509202276,0.2944,0.906841071428571,Not significant
34243,1.05589069222394,0.00239341305218994,8,-0.00100159476151308,-0.355655230863519,0.1658,0.860118483412322,Not significant
34250,1.05421762343717,0.000807646933022828,1,-0.000862958385981584,-0.103402467549218,0.6393,0.975059161490683,Not significant
34251,1.05232995381001,-0.000984546277136678,8,0.000388352955927289,-0.0567260117331379,0.6033,0.965347393364929,Not significant
34266,1.05467559881054,0.00124197464173879,9,0.000813157527203904,0.149832807143543,0.356,0.925443367346939,Not significant
34267,1.05333936916208,-2.57865911969801e-05,1,-0.00096033032770973,0.00367395709838959,0.9409,0.998472746781116,Not significant
34269,1.05235543728751,-0.00096033032770973,7,0.000480518331430869,-0.0684620825289039,0.5845,0.965347393364929,Not significant
34275,1.05593036791695,0.00243098791472422,5,-7.3106244913361e-05,-0.026366760715116,0.7783,0.983976334951456,Not significant
34285,1.06008721480084,0.0063599271306626,4,-0.00214187826631015,-2.02100051787637,0.0103,0.646305882352941,Not significant
34286,1.05649019200295,0.00296101882781837,8,0.000101908123143431,0.0447681835172462,0.6556,0.978213901345292,Not significant
34287,1.05168216731009,-0.00160030938410127,6,-0.00015890259754351,0.0377271891550039,0.7141,0.983976334951456,Not significant
34288,1.052055389873,-0.0012454908226797,4,0.000791003870610129,-0.146163401549925,0.4602,0.933090697674419,Not significant
34289,1.05372875805108,0.000343815974945073,2,0.000857764002569334,0.0437535573901035,0.7576,0.983976334951456,Not significant
34291,1.05248538732935,-0.000836853017224429,4,2.5228800868483e-05,-0.0031323140332577,0.9454,0.998472746781116,Not significant
34292,1.05073454561707,-0.00250176888198195,5,0.000381096442001869,-0.141449553674158,0.4451,0.929389979123173,Not significant
34293,1.04869127844971,-0.00444827043405177,6,-7.3294763111165e-05,0.0483708399637438,0.6653,0.978213901345292,Not significant
34420,1.05271802720384,-0.000615838863606839,4,-0.00318351023621643,0.290865923302233,0.2964,0.906841071428571,Not significant
34428,1.05113826461019,-0.00211761719009942,5,0.000187168974095021,-0.0588031802580911,0.6551,0.978213901345292,Not significant
34429,1.05597973138547,0.00247773561345195,4,-0.00192308149042573,-0.706923065410679,0.0994,0.7981416,Not significant
34431,1.05384272360694,0.000451964673070203,6,0.000158937806313057,0.0106573985181954,0.8603,0.992887411764706,Not significant
34432,1.05377669703149,0.000389309551533441,10,0.000788211600149909,0.0455257786203315,0.639,0.975059161490683,Not significant
34433,1.05577898435053,0.00228761253352618,5,-0.000257313365771505,-0.0873301716833447,0.5616,0.965347393364929,Not significant
34434,1.0561899797584,0.00267681845467595,5,-8.60690344158352e-05,-0.034181046062586,0.7427,0.983976334951456,Not significant
34436,1.05468450240466,0.00125041662764596,5,0.000301703171366488,0.0559698465843853,0.6551,0.978213901345292,Not significant
34442,1.05244819673663,-0.000872189612171288,5,-0.000940494817993859,0.121698946269173,0.4834,0.933090697674419,Not significant
34446,1.05134481576986,-0.00192113412466603,5,-0.00111841002704658,0.318770584991129,0.2413,0.906841071428571,Not significant
34448,1.05388176396112,0.000489009699035481,5,0.000285644265153395,0.0207234703109355,0.8091,0.983976334951456,Not significant
34449,1.05168835516594,-0.00159442563153552,5,-0.000590251107745425,0.139624161872703,0.4523,0.929389979123173,Not significant
34450,1.05307396021339,-0.000277787417817796,4,5.65945240659331e-05,-0.00233241853447634,0.9532,0.998525051334702,Not significant
34452,1.05075085529859,-0.0024862468312322,7,-0.000892600220487678,0.329246171325597,0.1948,0.8811,Not significant
34453,1.05157219419548,-0.0017048836255397,6,-0.000576083089483242,0.145713358309658,0.4258,0.929389979123173,Not significant
34461,1.04981565235543,-0.00337667615260128,7,-0.000957821599879928,0.479836784728017,0.1199,0.84620071942446,Not significant
34465,1.0505398904502,-0.00268704231803771,6,0.000179280607797016,-0.0714705827226583,0.5963,0.965347393364929,Not significant
34470,1.04902941878684,-0.00412588210037066,7,-0.00177459845326801,1.08626656746933,0.0269,0.73618407079646,Not significant
34471,1.05186147523978,-0.0014298276061158,5,-0.00225684401006526,0.478745518029969,0.1483,0.860118483412322,Not significant
34472,1.0505848676623,-0.0026442298082755,5,-0.00229904810138879,0.901917379265591,0.0575,0.73618407079646,Not significant
34473,1.05728464820223,0.00371271311575828,7,-0.00152748719898321,-0.841372808987481,0.0475,0.73618407079646,Not significant
34474,1.05382163285453,0.00043195128493833,5,-0.00123650974183289,-0.0792413404680418,0.5988,0.965347393364929,Not significant
34475,1.05420939995393,0.000799846346952994,8,-0.000906840882281195,-0.107611121480579,0.4662,0.933090697674419,Not significant
34476,1.04873809681416,-0.00440362686701373,5,-0.000641824600932626,0.419320768636826,0.1843,0.860118483412322,Not significant
34479,1.05084730632697,-0.0023944585624713,4,-0.000991878477501287,0.352358938897389,0.256,0.906841071428571,Not significant
34480,1.0491756357576,-0.00398650871483323,7,-0.00213018410447748,1.25988051268032,0.015,0.674041935483871,Not significant
34481,1.05132766115878,-0.00193745108441071,5,0.000183771517327824,-0.0528236551038599,0.6789,0.983976334951456,Not significant
34482,1.05419744966675,0.000788510501422791,7,-3.46775727663273e-05,-0.00405672598959518,0.9215,0.997278131868132,Not significant
34484,1.05493022481089,0.00148337139817024,5,0.000761385081874953,0.167561316981492,0.4091,0.929389979123173,Not significant
34488,1.05119009980965,-0.00206830500809436,6,-0.00125974637932555,0.386560258805804,0.1848,0.860118483412322,Not significant
34491,1.04768886693091,-0.00540459660171814,8,0.00145118845551251,-1.16360773541213,0.0198,0.674041935483871,Not significant
34498,1.05274461416622,-0.000590583642393214,1,-0.00159442563153552,0.139702823091432,0.5849,0.965347393364929,Not significant
34601,1.05270016680751,-0.000632804990699114,9,4.53462613255909e-05,-0.00425726694867404,0.9112,0.997278131868132,Not significant
34602,1.05561933598247,0.00213638728452616,6,0.000536602227930865,0.170079494722867,0.3803,0.929389979123173,Not significant
34604,1.05188735746095,-0.00140522179693244,6,0.00147983906440752,-0.308516834178261,0.2277,0.895357142857143,Not significant
34606,1.05124541870857,-0.00201568137379675,4,0.00247661777593712,-0.740628413694942,0.0924,0.7774425,Not significant
34607,1.05741249722302,0.00383362784931812,6,-0.000142571721144069,-0.0810891680711458,0.5531,0.965347393364929,Not significant
34608,1.05938168216071,0.00569416348845336,5,0.000794965223082092,0.671579705225155,0.0928,0.7774425,Not significant
34609,1.05720838894458,0.00364058305304873,4,0.00178955714022236,0.966576014650035,0.0619,0.73618407079646,Not significant
34610,1.05544502263925,0.0019712446701815,8,0.000953698396918325,0.278914495579664,0.221,0.895357142857143,Not significant
34613,1.05431292402713,0.000898042199187002,7,0.00136133348137945,0.18137639749886,0.3415,0.921708791208791,Not significant
34614,1.05380341966018,0.000414668140264217,6,3.00823001572099e-05,0.00185067948285811,0.9582,0.998525051334702,Not significant
34637,1.05425715652052,0.000845146156377603,4,0.000795446288085325,0.0997383504573868,0.5666,0.965347393364929,Not significant
34638,1.05287317212874,-0.000468474147008548,7,-0.000216060000247,0.0150168728100262,0.8305,0.986923913043478,Not significant
34639,1.05422372265822,0.000813432458967513,8,-0.000560109731881476,-0.0675949292753238,0.5766,0.965347393364929,Not significant
34652,1.05629867262502,0.00277972349664763,4,-0.000290951737192589,-0.119989171254712,0.5179,0.942305,Not significant
34653,1.05063582898613,-0.00259572341014148,5,0.00106819852846474,-0.411367417522028,0.18,0.860118483412322,Not significant
34654,1.04975448745137,-0.00343494036862036,6,0.000440250137083006,-0.22435626576132,0.3085,0.906841071428571,Not significant
34655,1.05731149438123,0.00373810442189481,5,-0.00149868586773443,-0.831154081804161,0.0622,0.73618407079646,Not significant
34661,1.05313791438889,-0.000217058318054228,3,0.00108061515500631,-0.0347990179788081,0.7706,0.983976334951456,Not significant
34667,1.05281959458067,-0.000519362433210026,7,0.00170463238107983,-0.131347184493129,0.427,0.929389979123173,Not significant
34668,1.05715915045646,0.00359400790732984,5,-0.000958626406181434,-0.511149472730467,0.1414,0.860118483412322,Not significant
34669,1.05228966819307,-0.00102282931558293,5,0.000228495125734481,-0.0346736537568665,0.734,0.983976334951456,Not significant
34677,1.05509344385358,0.00163807965613513,6,0.000201132534097607,0.0488806354487759,0.6623,0.978213901345292,Not significant
34679,1.05323791643469,-0.00012210655834434,2,0.00165713270805405,-0.0300203520512231,0.8106,0.983976334951456,Not significant
34681,1.05302188922093,-0.000327235302609308,1,-0.002746885470763,0.133358346812379,0.5831,0.965347393364929,Not significant
34683,1.05047702471215,-0.002746885470763,5,-0.000566645157372602,0.230925150232556,0.3253,0.918471671388102,Not significant
34684,1.05146452791928,-0.00180727487260591,7,-0.000172105888423165,0.0461465715744974,0.6664,0.978213901345292,Not significant
34685,1.05349932552724,0.000126058318301966,5,0.000208592366115591,0.00390112099657844,0.9332,0.998472746781116,Not significant
34688,1.05386881414178,0.000476721889011531,6,0.000685504841289687,0.0484836291453614,0.6756,0.983976334951456,Not significant
34689,1.05758381274834,0.00399562862906911,5,-0.00124790598006322,-0.739752570876491,0.0811,0.73618407079646,Not significant
34690,1.05196027574903,-0.0013359028149282,6,0.00126137773257518,-0.249999722155366,0.2804,0.906841071428571,Not significant
34691,1.05249661149984,-0.000826188631030511,3,0.00181314977026285,-0.222245202466492,0.388,0.929389979123173,Not significant
34695,1.05522195776322,0.00175987558265182,3,0.00171502075687025,0.447786346594808,0.2094,0.881237288135593,Not significant
34698,1.04672146390339,-0.00632839179320618,6,-0.00175756641303428,1.65015448585269,0.0097,0.646305882352941,Not significant
34705,1.05264399919286,-0.000686162171497438,6,-0.00228624322265913,0.232738753270317,0.2991,0.906841071428571,Not significant
34711,1.05312751533668,-0.000226932716661563,5,-0.00170072460549249,0.0572599030291247,0.6584,0.978213901345292,Not significant
34714,1.05413218635238,0.000726600529396972,6,-0.001617633370807,-0.17437945200867,0.3817,0.929389979123173,Not significant
34715,1.05360070042086,0.000222280512262169,6,-0.000388381614034492,-0.0128079478985138,0.8514,0.990706007067138,Not significant
34729,1.05335386276588,-1.2027014270416e-05,1,0.000222280512262169,-0.000396623749898957,0.9898,0.998525051334702,Not significant
34731,1.05173065117217,-0.00155420919713875,5,0.0037868305529979,-0.873182147972907,0.0576,0.73618407079646,Not significant
34734,1.05474037056894,0.00130338667176064,4,-0.000615672015468347,-0.119053506276598,0.5065,0.941053977272727,Not significant
34736,1.05081674878843,-0.00242353793742128,10,0.000581404873810623,-0.209048950475136,0.2671,0.906841071428571,Not significant
34737,1.05519603639827,0.00173531043487966,7,-0.00056432593452608,-0.145286977446071,0.402,0.929389979123173,Not significant
34739,1.0527453866351,-0.000589849876020634,9,-0.000293625387511857,0.0256953534784144,0.7584,0.983976334951456,Not significant
34741,1.0524545638429,-0.000866139825564792,3,0.000489926344161167,-0.0629561703729575,0.6784,0.983976334951456,Not significant
34743,1.05547306627276,0.00199781475232528,3,0.000995998221717649,0.295211505647073,0.3222,0.918471671388102,Not significant
34744,1.05441127776757,0.000991324896307676,10,0.000912386895174145,0.134188269754301,0.3809,0.929389979123173,Not significant
34746,1.05254750679598,-0.000777833068592221,10,0.000683283032136584,-0.0788508791369741,0.5175,0.942305,Not significant
34747,1.05431139558261,0.000896592491431134,8,-0.000673043171706711,-0.0895277192979412,0.5122,0.942305,Not significant
34748,1.05134294682778,-0.00192291179428353,7,0.000913814568127887,-0.260697545096704,0.2537,0.906841071428571,Not significant
34753,1.05276302360624,-0.000573096705090571,1,-0.00242353793742128,0.20606167941923,0.4835,0.933090697674419,Not significant
34756,1.05261160130102,-0.000716940279235911,3,-0.00210555935228792,0.223959747750179,0.3877,0.929389979123173,Not significant
34758,1.05564605817236,0.0021617011933899,5,-0.000533935796108193,-0.171239598595666,0.3981,0.929389979123173,Not significant
34759,1.05199339736314,-0.00130441769761336,6,0.00116644394518526,-0.225735600506177,0.3096,0.906841071428571,Not significant
34760,1.05300625874466,-0.000342078861362102,1,-0.00631202585246437,0.320342461188584,0.394,0.929389979123173,Not significant
34761,1.0521635396065,-0.00114269758944199,6,-0.00183129638062393,0.310462713740405,0.2191,0.895357142857143,Not significant
34762,1.05557930144824,0.00209846140344181,7,-0.000526923676153573,-0.164046964936935,0.3622,0.925443367346939,Not significant
34769,1.05420788550947,0.000798409777001734,3,0.00162778782993351,0.192816033564929,0.4324,0.929389979123173,Not significant
34771,1.05645493908942,0.00292765031955001,6,0.000717920911440243,0.311828142450651,0.2319,0.895447674418605,Not significant
34772,1.05438287587169,0.000964388273942837,6,0.000470032602567074,0.0672511019352364,0.6093,0.965347393364929,Not significant
34773,1.05280891483325,-0.000529506432844121,7,0.00153791191044481,-0.120815373819817,0.4393,0.929389979123173,Not significant
34785,1.05094811590828,-0.00229853145146715,8,0.00138605587202402,-0.47266200055629,0.1134,0.838644360902256,Not significant
34786,1.05112928062893,-0.0021261641338786,7,-0.000377603743117291,0.119111194385103,0.4507,0.929389979123173,Not significant
34787,1.04673859462502,-0.00631202585246437,9,-0.000844553011690339,0.790888362092422,0.0402,0.73618407079646,Not significant
34788,1.06034206102388,0.00660029942429766,7,0.000413972738804779,0.405373058362291,0.1544,0.860118483412322,Not significant
34797,1.05265332908701,-0.000677298915917446,2,0.00191688591916073,-0.192617680464656,0.4703,0.933090697674419,Not significant
34945,1.05325537779558,-0.000105527952625126,9,-0.00168692499261961,0.0264108747689409,0.7529,0.983976334951456,Not significant
34946,1.05174052431779,-0.00154482171826397,5,-0.000847608817949741,0.19426445035018,0.3698,0.925443367346939,Not significant
34947,1.05109933172366,-0.00215465666328564,6,-0.000644608871495325,0.20606007616922,0.3283,0.918471671388102,Not significant
34949,1.049911649048,-0.00328523885731712,6,0.00263525229246347,-1.2844247093328,0.0189,0.674041935483871,Not significant
34950,1.05414479315065,0.000738559867179564,4,-0.0016335578655414,-0.178994517432856,0.4097,0.929389979123173,Not significant
34951,1.05217473768126,-0.0011320547428245,5,-0.000430087525605484,0.0722343511240924,0.6111,0.965347393364929,Not significant
34952,1.06493024510064,0.0109180437355834,6,-0.000601849419250015,-0.974882280014959,0.0422,0.73618407079646,Not significant
34953,1.06346952600357,0.00954544508543057,5,-0.00216735689334108,-3.06934789250368,7e-04,0.2289,Not significant
34956,1.0526309427813,-0.000698565693058324,6,-0.000416882597394324,0.0432056477385085,0.694,0.983976334951456,Not significant
34957,1.06050164119573,0.00675078686662058,5,0.00014037201949236,0.140590004836275,0.4432,0.929389979123173,Not significant
34972,1.04959186518345,-0.00358986694187381,8,0.000160461310539272,-0.0854610427838928,0.5187,0.942305,Not significant
34974,1.05494831653149,0.00150052093568555,8,0.000281361621822611,0.0626363466391512,0.586,0.965347393364929,Not significant
34981,1.05097358803839,-0.00227429445913904,5,-0.00224941160484754,0.758988377751316,0.0789,0.73618407079646,Not significant
34982,1.05384116508392,0.000450485776701121,7,0.000848587480759766,0.0567149044552709,0.6229,0.965347393364929,Not significant
34983,1.04837166751042,-0.00475308812432342,6,0.00197223754267484,-1.39076767813141,0.0174,0.674041935483871,Not significant
34984,1.05113367468652,-0.00212198382182242,4,0.00425002685121938,-1.33799115783843,0.0297,0.73618407079646,Not significant
34986,1.04844381585264,-0.00468427106070465,5,0.000369077276260234,-0.256494954186938,0.2893,0.906841071428571,Not significant
34987,1.05276928602472,-0.000567148168041827,7,0.000465348725863021,-0.0391556613536957,0.6955,0.983976334951456,Not significant
34990,1.05472594185778,0.00128970670818693,7,0.00116428254546337,0.222776228099906,0.2954,0.906841071428571,Not significant
34994,1.04787494532808,-0.00522700392086288,5,0.00262106025495265,-2.03258788107587,0.0065,0.5886,Not significant
34996,1.05109957350454,-0.00215442663664275,4,0.000144320813981665,-0.0461296522420406,0.7105,0.983976334951456,Not significant
34997,1.04947752629498,-0.00369880939898493,7,-0.000622285338194181,0.341484520711398,0.1898,0.870064485981308,Not significant
